testID,theta
1,0.708714811
2,-0.262759536
3,1.262445505
4,-0.777312844
5,-0.775873883
6,-1.349357149
7,0.362632284
8,-0.607769604
9,0.780076855
10,-0.139504834
11,-1.503782841
12,1.024962567
13,-1.121050704
14,1.273784593
15,0.765664879
16,-0.150593763
17,-0.042749003
18,-0.501189829
19,0.205438266
20,0.588117739
21,-0.006890163
22,0.431010749
23,2.049260333
24,1.081934633
25,-1.374335883
26,-0.485566271
27,-0.205092419
28,0.594113821
29,-0.833548734
30,-0.036333632
31,-0.503833652
32,-2.239208792
33,0.895693289
34,-1.952103542
35,0.087803717
36,-1.48406863
37,0.039649847
38,0.916051652
39,0.490627192
40,-1.015241319
41,0.738798705
42,0.995613163
43,-0.271213635
44,0.041605216
45,-0.425115128
46,-0.163383078
47,0.417319364
48,0.022579188
49,1.54578272
50,-0.247949293
51,0.885069552
52,1.498097224
53,0.058472609
54,-0.342284141
55,0.674539902
56,1.39125364
57,0.696022052
58,-0.110586997
59,-0.065442168
60,-1.330770687
61,-0.184401073
62,-0.157936116
63,1.309109922
64,-0.601945487
65,1.184436935
66,-0.146959539
67,-0.054189378
68,-0.112413807
69,-0.517539295
70,-0.007906156
71,-0.419606764
72,0.364644407
73,0.798592093
74,-0.510403404
75,1.646743862
76,0.646309094
77,-0.466931362
78,0.411124666
79,1.537950378
80,-0.168430889
81,0.432685191
82,1.507448442
83,0.375023141
84,-1.280605509
85,-0.161980439
86,-0.835643611
87,0.116349998
88,0.39240533
89,0.609372457
90,-1.742670502
91,1.287272912
92,-0.386232912
93,0.510489166
94,0.388253759
95,-0.424472073
96,2.926059889
97,-0.996578477
98,0.46852432
99,1.543719777
100,-2.792815265
101,-0.189399906
102,0.709173265
103,0.091899735
104,0.618249364
105,0.270446479
106,0.819177944
107,0.16423976
108,-0.765689392
109,0.036089727
110,-0.936946184
111,-0.58186407
112,-1.423476216
113,-1.076558411
114,-0.037029936
115,-0.941785245
116,-1.528773634
117,1.904048409
118,-0.181206658
119,0.001771612
120,2.170969552
121,-0.004865686
122,-1.007092419
123,0.253924441
124,0.443165146
125,1.467183474
126,0.030772815
127,1.426526102
128,1.055244688
129,-0.489356848
130,0.578272494
131,-0.805514832
132,0.25360969
133,-1.773176657
134,1.560268941
135,0.962363186
136,1.396016117
137,0.060336494
138,-1.666899933
139,0.089373887
140,-1.119556008
141,-1.587979482
142,0.515285068
143,0.491572474
144,-1.307317604
145,1.503024571
146,0.345027244
147,1.688151734
148,-0.557630544
149,0.99742844
150,-0.19302669
151,-0.091174215
152,0.708553312
153,-1.308280458
154,0.218564008
155,-0.715597551
156,1.314118343
157,1.10989506
158,1.796183288
159,0.939918447
160,-1.224078442
161,0.013948517
162,1.431392181
163,-0.050826365
164,-0.186594526
165,0.663346144
166,1.250568564
167,1.465223037
168,0.104109096
169,0.112356524
170,0.032180967
171,-0.388426049
172,0.856735297
173,0.095267899
174,0.919040016
175,0.542966596
176,-0.009941307
177,-1.443229187
178,-1.037219576
179,0.887267419
180,-1.070112609
181,-1.412967797
182,0.763355143
183,0.093701026
184,-0.245342916
185,1.728556978
186,-1.079591754
187,0.528366425
188,1.136091848
189,0.601495456
190,1.48744538
191,0.777571047
192,-2.16126691
193,-0.101443389
194,0.375669966
195,-0.054356102
196,1.019355789
197,1.077506252
198,0.429042806
199,-0.494466223
200,-1.77865953
201,-0.021218371
202,1.321476332
203,0.185982723
204,0.55028235
205,0.551463138
206,0.213661968
207,-0.241796464
208,0.080807375
209,0.779198369
210,0.047096776
211,-0.25532371
212,1.077773229
213,-0.916420046
214,0.956618404
215,-0.160059632
216,0.281147294
217,-0.067778464
218,0.940220298
219,0.586867358
220,0.704834864
221,0.512068111
222,-1.847534877
223,0.358064494
224,-0.718075457
225,2.96453986
226,-2.298400198
227,-0.453607467
228,-1.579424882
229,-0.613664851
230,-1.207017048
231,-0.699642164
232,-0.513380082
233,-0.633626171
234,-1.124353645
235,0.98775287
236,1.185492703
237,0.444039825
238,0.9260733
239,-1.514043097
240,0.141492095
241,0.75930306
242,1.211464378
243,0.642909573
244,0.724021772
245,0.734819321
246,1.011104252
247,-0.330470296
248,0.059541656
249,1.069094827
250,0.61112008
251,-0.327647375
252,-1.16323435
253,-0.18593053
254,-0.869630747
255,1.564951449
256,-1.695773798
257,0.661157756
258,1.166503413
259,1.328366789
260,-0.928453918
261,0.274257279
262,0.554844728
263,0.081065899
264,-0.740673223
265,0.124843881
266,-0.606003325
267,0.016126171
268,0.216659295
269,0.719847136
270,-0.28872456
271,-0.24495637
272,-1.433425007
273,-0.96373154
274,-0.090783581
275,1.742791311
276,2.505155054
277,-1.311859506
278,-3.246485991
279,0.322362901
280,-0.536489305
281,-0.882498759
282,-1.024866604
283,0.524863229
284,1.342088589
285,-1.060554922
286,-0.615611667
287,-1.50979042
288,1.35627443
289,-0.365541028
290,1.332938007
291,-1.299029055
292,1.489828077
293,0.660277832
294,1.176952924
295,-1.830583247
296,-1.743440638
297,-1.354616326
298,1.326452075
299,1.544223058
300,-1.599119088
301,1.199166407
302,0.041069155
303,0.777043598
304,0.22489106
305,1.011478117
306,-0.440001312
307,-0.022010609
308,1.55870409
309,-0.110865271
310,-0.257634401
311,-0.47596381
312,-1.069380859
313,-0.099264015
314,-0.378471824
315,0.159437095
316,-0.108680528
317,-0.403822086
318,-0.249479165
319,-0.743843314
320,-0.464183477
321,-1.38440018
322,0.816305758
323,0.820292636
324,-1.607745922
325,-1.452816579
326,-0.090552308
327,1.06234372
328,1.030106553
329,-0.37339772
330,0.982129839
331,1.252941737
332,-0.03094614
333,0.358970163
334,-0.600371902
335,1.264765126
336,-1.281420395
337,-1.181942898
338,-0.948559299
339,-1.117099714
340,-0.743426085
341,0.185764533
342,2.466625713
343,1.479023802
344,1.043669199
345,0.377170034
346,-0.565676676
347,0.167016695
348,1.897217458
349,0.142696993
350,0.476929796
351,-1.341560067
352,-0.215851225
353,-0.896852154
354,-0.176633703
355,-1.868064428
356,0.910260329
357,-1.22261757
358,-0.329671932
359,0.138759683
360,0.582726331
361,-1.528437331
362,-1.323626306
363,0.35111153
364,-0.332681171
365,-1.618971847
366,-1.504452975
367,0.128382186
368,0.161121405
369,1.805287421
370,1.77264361
371,-1.547939618
372,-0.496315204
373,-0.080306465
374,-0.922194512
375,-1.246109833
376,1.120654229
377,0.231562724
378,-1.008675883
379,0.715673286
380,0.598984368
381,0.358286638
382,0.712775726
383,-1.059890882
384,0.175137941
385,-0.671800616
386,1.564993105
387,1.114100961
388,-0.101467058
389,0.356296137
390,0.044633351
391,-0.14116589
392,1.50605423
393,0.77561886
394,0.099717146
395,2.829303478
396,1.430948095
397,3.140712654
398,-1.637779827
399,0.425812816
400,0.226799485
401,0.36296158
402,-0.676493108
403,0.634616686
404,1.014689671
405,-0.320485585
406,-0.254327809
407,-0.176080017
408,0.837687427
409,-0.966856085
410,1.376399127
411,0.034585356
412,-0.456714134
413,0.705649487
414,0.113849949
415,-1.026424356
416,2.251825387
417,-1.400518075
418,-0.001059747
419,1.472487357
420,0.21891435
421,0.727772803
422,-0.370102352
423,-0.651951227
424,0.763238499
425,-1.198879937
426,-0.105228953
427,1.000814497
428,-0.05495666
429,0.84754589
430,0.333855912
431,-0.545727712
432,-1.560171013
433,-1.13747599
434,-1.485366515
435,-0.619662278
436,1.135291327
437,0.608642478
438,0.548678199
439,-0.802788808
440,-1.482892595
441,0.839477083
442,-1.665219672
443,1.789900986
444,2.593679074
445,1.29099763
446,-0.140635788
447,-0.440894797
448,0.555221205
449,0.750483449
450,-0.831523216
451,0.050286314
452,0.802882687
453,-1.392079479
454,0.167584413
455,-0.214401554
456,-0.275882776
457,0.65922622
458,-0.79886853
459,-1.089062699
460,1.797970143
461,0.431183466
462,0.569601041
463,1.215802514
464,0.903112145
465,-0.64293938
466,-0.238732511
467,-0.253536815
468,-0.598970685
469,-0.600503901
470,0.022670461
471,1.433626037
472,-0.868433004
473,-0.926400689
474,-0.778734133
475,-1.094370832
476,-1.474068562
477,-0.138950524
478,1.619014535
479,1.681778027
480,-1.152784791
481,0.508792911
482,0.007353226
483,1.013618544
484,-0.716704687
485,-2.601881534
486,0.314498954
487,0.475839591
488,-1.054478849
489,0.950563269
490,-0.658736902
491,1.057643395
492,-0.765111195
493,-1.276916399
494,-0.645767508
495,0.032896098
496,0.404881089
497,-0.200209705
498,0.488272712
499,-0.080159198
500,-0.722824246
501,-0.498256487
502,0.052870607
503,0.182812081
504,-0.154249021
505,-1.215175086
506,-0.345901116
507,-0.749798501
508,0.875338031
509,0.820497251
510,1.995903437
511,-0.020171289
512,-0.917680711
513,0.890819072
514,0.578933525
515,1.071741751
516,-0.008628785
517,0.27575091
518,0.12178327
519,-1.022811841
520,0.282424634
521,1.849685117
522,2.093424772
523,-0.248607499
524,-0.704400914
525,-1.001285495
526,1.044712534
527,-1.52190734
528,-0.201140694
529,-0.134855006
530,1.221232749
531,2.262941292
532,0.923217528
533,-0.108618173
534,-0.165255847
535,-0.907644546
536,-0.875704859
537,-0.118998705
538,-0.063204192
539,0.657436999
540,0.570896339
541,-1.131321171
542,1.135395277
543,0.429463231
544,0.170883154
545,-0.597897266
546,0.399778732
547,-1.742234055
548,0.42430685
549,0.764708158
550,1.236946529
551,-0.630255169
552,-0.852250627
553,-0.859569875
554,-1.274102563
555,-0.017878633
556,1.262230052
557,1.296652358
558,-0.581305439
559,-0.072550528
560,0.084907897
561,0.55071825
562,-0.272474228
563,0.173989653
564,1.42852123
565,-0.877778463
566,0.099781403
567,-0.531661214
568,-1.385648431
569,1.177585095
570,-1.384852539
571,0.252260636
572,2.115574397
573,0.971154829
574,0.720054094
575,-2.078563695
576,1.114819099
577,0.888716081
578,-1.480267696
579,-1.19391859
580,0.256100176
581,-0.792463574
582,1.523994215
583,0.16069805
584,2.959045373
585,-1.26050982
586,-0.3192764
587,0.264187898
588,2.162754678
589,-0.357005709
590,-1.088902286
591,0.392157772
592,1.032049707
593,2.076591814
594,1.248308422
595,0.482527906
596,-2.118008428
597,0.764997526
598,1.251204476
599,-0.591821492
600,0.569264503
601,-3.167822343
602,-1.241306393
603,1.132491158
604,0.06980894
605,0.517584115
606,-0.232477682
607,0.197734178
608,0.867090462
609,1.067802484
610,0.522146404
611,0.857405858
612,0.991387308
613,0.176141169
614,0.869828446
615,-0.302119026
616,-0.782035843
617,0.207934678
618,0.15396201
619,0.91281693
620,0.482520883
621,0.352446997
622,1.745625033
623,1.741621739
624,0.833976211
625,0.256241741
626,0.022925302
627,-1.163067015
628,-0.908623211
629,-1.857552341
630,-1.01879191
631,2.018651581
632,-0.107463273
633,-1.224287137
634,0.469085622
635,1.066718445
636,0.141731494
637,1.868448479
638,0.077198565
639,-1.772885852
640,0.538641925
641,0.715659504
642,0.019924697
643,0.522217731
644,-1.670187379
645,0.412790988
646,1.274372648
647,0.129953027
648,-0.015944626
649,1.47816857
650,-1.110557042
651,0.739504725
652,0.904048052
653,-0.037769178
654,1.703674074
655,0.144205721
656,-1.390069141
657,-0.377860254
658,2.286422156
659,1.067729131
660,-0.208660682
661,-0.566070935
662,1.250679677
663,-1.255916898
664,-0.037797365
665,0.76432619
666,0.785226654
667,-0.222313612
668,1.379647215
669,1.172694625
670,1.615543899
671,-0.417416766
672,-0.106117143
673,-0.029208633
674,1.140226095
675,-0.80902432
676,1.502144991
677,-0.336953886
678,1.144651963
679,-1.1546224
680,1.026465238
681,0.60103615
682,-0.52834146
683,0.14448875
684,-0.470314074
685,1.044822115
686,0.314277404
687,1.838570979
688,0.044789211
689,-1.244349077
690,0.972519796
691,-0.849325715
692,0.919911764
693,-1.123826839
694,1.384177535
695,-1.129414489
696,-0.033331277
697,1.023238157
698,-0.342767331
699,-0.284446479
700,-0.57385476
701,0.784634168
702,0.03019125
703,0.556806735
704,-1.890428921
705,2.255260547
706,0.203332782
707,-1.24163825
708,0.594125951
709,-0.064547741
710,-0.342549232
711,-0.611811313
712,0.0706684
713,-0.104071589
714,-0.147580519
715,-1.039786833
716,-0.329544636
717,-0.554487571
718,0.053164971
719,-0.961519951
720,1.792270957
721,0.196141118
722,-0.157864139
723,-0.696377592
724,-0.465717209
725,0.443162933
726,1.482102607
727,-0.565180782
728,0.255450289
729,-0.368477545
730,0.088559033
731,0.899882296
732,-0.893010698
733,-0.248911439
734,1.06470107
735,-1.996522741
736,-0.050787186
737,-1.45579132
738,-0.912470149
739,-0.215398074
740,-0.337549341
741,1.11458539
742,-1.894511895
743,0.091987129
744,-0.448789024
745,-0.588941467
746,0.315069765
747,-0.145066959
748,-0.281553078
749,-0.921177055
750,0.649799412
751,-0.086396685
752,0.748360287
753,-0.189460081
754,-0.333787002
755,1.044236656
756,-1.445054019
757,0.619478041
758,0.001343624
759,1.337296168
760,1.074884599
761,-1.299105006
762,-1.464712762
763,-0.032517344
764,1.889591768
765,0.431005151
766,-0.183135744
767,-2.176880755
768,1.091649659
769,-0.008423944
770,-1.734730437
771,-0.683148671
772,0.056751415
773,0.903285615
774,-3.216762954
775,-1.019332548
776,0.866398038
777,1.073227105
778,1.344742638
779,0.711024129
780,1.657807704
781,-0.175286765
782,0.701748266
783,0.172381547
784,-0.602821993
785,0.764529464
786,0.644591585
787,-0.217351705
788,0.65508314
789,-0.912260106
790,-0.869500215
791,-0.505233782
792,-0.758349046
793,0.246337611
794,0.403943775
795,0.279145688
796,-0.164815869
797,-0.352577891
798,0.868011646
799,0.21198735
800,-1.039753
801,0.703362558
802,-0.121703641
803,-0.837809002
804,0.827204491
805,-1.149794329
806,-0.418668095
807,-0.601248854
808,1.124984371
809,0.345802257
810,-0.648414436
811,-0.339390368
812,-1.061795419
813,-0.264053116
814,0.424032012
815,-1.346485468
816,1.958435414
817,0.57644176
818,1.720849248
819,-0.443289249
820,-0.261730673
821,0.522522089
822,-0.153840445
823,0.700500663
824,0.395348457
825,-0.040247634
826,-0.194993479
827,-1.050106132
828,-0.102606519
829,1.028178933
830,-0.649988706
831,0.557182066
832,0.629530114
833,0.710298075
834,0.148424474
835,1.575973155
836,-1.148956031
837,1.640578482
838,-0.447702202
839,0.893674223
840,-0.455023393
841,1.039336059
842,0.61103927
843,-1.595594587
844,-0.401411882
845,0.270496053
846,-1.107645194
847,-0.653915716
848,-1.82137843
849,1.37767048
850,-1.20259766
851,-0.807264307
852,-1.091120265
853,1.65999344
854,-0.691025726
855,0.214132428
856,-0.750880427
857,-0.106162906
858,0.182124403
859,-0.01816051
860,0.277344241
861,-0.717351164
862,-0.216994068
863,0.719457931
864,-0.034834785
865,0.993448995
866,-1.935098574
867,0.49670643
868,-0.60642636
869,-0.281236895
870,0.741187687
871,-0.195784312
872,0.116004503
873,2.011885221
874,0.466774742
875,0.379845374
876,-0.805773141
877,1.422498875
878,-1.722581339
879,-0.447759994
880,-1.083920904
881,-0.20942248
882,0.86693603
883,0.19807611
884,-0.121541173
885,-0.145966422
886,1.364675122
887,0.459308975
888,-0.392888041
889,-0.065947039
890,-0.05755169
891,0.417457469
892,1.045276494
893,-0.292410428
894,-1.72251264
895,2.123457929
896,0.263006487
897,-0.897652276
898,1.942926198
899,0.618857807
900,0.042676934
901,-0.435430529
902,-0.231269754
903,0.299058799
904,0.006973474
905,-1.808889172
906,-0.932236796
907,-0.650907696
908,0.349822211
909,1.018015807
910,0.956670518
911,1.014873104
912,-0.649455774
913,-0.454686653
914,-0.582001667
915,0.083001228
916,0.811459084
917,-0.201910958
918,0.225165161
919,-2.450653036
920,0.058003872
921,-0.06963203
922,-1.1534506
923,-0.182191368
924,0.708856336
925,-1.591288519
926,1.40807735
927,0.800789756
928,0.613820993
929,2.077428327
930,-0.448337744
931,-0.023204642
932,0.030762667
933,-1.836455829
934,0.22478198
935,0.337235102
936,0.849631837
937,1.189170434
938,0.668462352
939,-0.069047852
940,-1.629284952
941,0.953033131
942,0.292869475
943,1.128150464
944,1.815836879
945,0.636006
946,-0.113199947
947,1.270408857
948,-1.08156576
949,1.990018893
950,-0.403286763
951,0.077175077
952,-0.763730382
953,-1.193021422
954,-0.808258404
955,-0.181077458
956,-0.174076405
957,-0.576014687
958,-0.96422773
959,-0.354987532
960,-0.537059221
961,0.418132602
962,-1.150843279
963,-1.242411101
964,1.067077468
965,0.425602417
966,0.72189041
967,1.389588685
968,-0.523541451
969,0.732029572
970,-0.6579948
971,1.442773775
972,0.80749987
973,1.598804209
974,0.236952125
975,-0.829756857
976,-0.516533382
977,0.629182618
978,0.639542132
979,-0.493726708
980,-0.198011654
981,-0.021612361
982,0.615702623
983,1.127765594
984,-0.241615601
985,0.934166969
986,1.268680836
987,0.283610096
988,-0.994352236
989,0.522224186
990,0.391495456
991,-1.391522543
992,-0.440143643
993,-1.775046819
994,-0.058996412
995,0.049682313
996,-0.737304641
997,1.00352928
998,0.947784323
999,0.637930973
1000,-0.503519044
1001,2.110075029
1002,-0.679419989
1003,-0.225229165
1004,-0.856559565
1005,0.021486975
1006,1.754708717
1007,-0.34635598
1008,0.380399612
1009,-0.451517094
1010,0.816024668
1011,-0.843690004
1012,1.539053366
1013,-1.604946396
1014,-0.030028856
1015,1.235509247
1016,-0.22040935
1017,1.36736068
1018,2.274797234
1019,0.437356763
1020,-1.346300603
1021,1.378978257
1022,0.045753312
1023,-2.091904935
1024,-1.416022163
1025,0.868425578
1026,-0.879183357
1027,0.055789004
1028,-1.422002862
1029,-0.58038359
1030,-0.580484812
1031,0.767780559
1032,0.392426921
1033,-0.872223021
1034,0.77977795
1035,0.198208302
1036,0.305238525
1037,0.565155204
1038,-0.464617249
1039,-0.080071679
1040,0.784878661
1041,-2.334183155
1042,-0.138779861
1043,0.505565975
1044,-0.931872158
1045,-1.24031716
1046,-1.798993106
1047,0.518752664
1048,-0.859584725
1049,1.682352387
1050,-0.308543328
1051,-0.521387175
1052,-1.704892502
1053,2.076523955
1054,-1.20893631
1055,-0.031832917
1056,-1.825861915
1057,-0.409691435
1058,0.774113298
1059,-0.184554745
1060,-0.162008788
1061,-1.965360393
1062,0.416209468
1063,-0.942448911
1064,0.99376705
1065,-0.274948307
1066,0.847351778
1067,-0.330684011
1068,-0.195118364
1069,-0.660823253
1070,0.460571613
1071,1.052661576
1072,-0.93498054
1073,-0.187977164
1074,1.792145329
1075,1.2214993
1076,-0.248462244
1077,-0.016048133
1078,-0.587783067
1079,-1.480703521
1080,0.15688571
1081,-0.00532694
1082,-1.457353042
1083,1.616705228
1084,-0.691191395
1085,-1.696389876
1086,2.114860306
1087,1.77615668
1088,2.366551266
1089,0.721746212
1090,0.857768534
1091,0.571941682
1092,-1.481316463
1093,1.793170043
1094,0.584705544
1095,0.221923452
1096,-0.685178979
1097,-1.30015443
1098,0.949489803
1099,1.145085228
1100,2.143857337
1101,0.759265648
1102,0.40178493
1103,1.903889767
1104,0.569191923
1105,1.379155157
1106,-1.409659137
1107,-0.492334001
1108,-1.234388284
1109,-0.286529084
1110,-0.537701952
1111,1.331411073
1112,-0.269740989
1113,-0.157067437
1114,0.298442227
1115,1.881083994
1116,-0.314041061
1117,1.635161668
1118,1.351352703
1119,-2.149361308
1120,-1.485322773
1121,1.270545101
1122,-1.550724657
1123,0.665263525
1124,-0.518719613
1125,1.63846875
1126,0.247898388
1127,0.257094923
1128,1.722896626
1129,-0.132320619
1130,-0.247459513
1131,0.130130041
1132,-0.905135805
1133,1.010078017
1134,1.870736987
1135,-0.224369406
1136,2.032774944
1137,1.664486481
1138,-1.122834711
1139,0.189472654
1140,0.33232578
1141,-0.71035937
1142,-0.85519181
1143,-0.787623517
1144,-0.797485379
1145,-0.613011568
1146,-0.626888588
1147,0.054834883
1148,-0.255556168
1149,-0.734215026
1150,-0.933758961
1151,0.725937992
1152,0.811164086
1153,-1.71964395
1154,0.185850707
1155,-0.429977351
1156,-2.094048464
1157,-0.839049486
1158,-0.072834868
1159,-0.616027788
1160,-0.559947889
1161,-2.592921575
1162,-0.440292475
1163,0.153963845
1164,-0.166695354
1165,0.211609476
1166,0.59520325
1167,0.900178708
1168,-0.594924267
1169,0.646098918
1170,0.376268714
1171,-0.013496667
1172,0.195052828
1173,0.724807532
1174,1.364712871
1175,0.300752242
1176,0.254565991
1177,-1.443668234
1178,1.513485237
1179,0.259217296
1180,-2.166129829
1181,0.049875637
1182,-0.030584046
1183,0.579360857
1184,-1.092794062
1185,-1.159848124
1186,-1.614901694
1187,-0.8266328
1188,1.08249116
1189,1.495356111
1190,0.434698349
1191,-0.163116338
1192,1.102567974
1193,-0.011516065
1194,-0.242390148
1195,1.21305018
1196,1.777159217
1197,-0.648923738
1198,-0.160784291
1199,0.757250696
1200,0.375871821
1201,-0.961260249
1202,-0.190208459
1203,-1.700809377
1204,-1.804038082
1205,1.700240151
1206,0.494202554
1207,1.187827892
1208,0.27148396
1209,-1.634157969
1210,0.25903409
1211,1.106685465
1212,2.094207119
1213,0.17139053
1214,-2.763426659
1215,1.028461155
1216,1.73760031
1217,-0.400985233
1218,0.605763116
1219,1.586184697
1220,1.025720372
1221,-1.485580021
1222,-1.515155629
1223,-0.156608125
1224,-0.411660417
1225,-0.150341248
1226,0.931650916
1227,0.640200377
1228,0.699591004
1229,0.608573041
1230,1.468381041
1231,-0.094189101
1232,0.659854853
1233,0.926606989
1234,1.243146432
1235,1.735575068
1236,-0.029990437
1237,1.025615506
1238,-0.193077183
1239,-0.778149886
1240,-1.45954316
1241,0.472724081
1242,0.096283392
1243,-1.11296276
1244,-0.002790786
1245,0.087286775
1246,0.359059408
1247,-0.14574695
1248,-1.711494243
1249,-1.487990934
1250,0.845756481
1251,-2.278015077
1252,-0.083194
1253,0.03179008
1254,-0.020011741
1255,0.309149595
1256,-0.71203017
1257,-0.215697828
1258,0.511960267
1259,0.864177853
1260,0.405086155
1261,1.61841035
1262,1.129431089
1263,-0.890129499
1264,-0.256056651
1265,-0.571485031
1266,1.036537046
1267,-0.620225634
1268,1.256194669
1269,1.525189513
1270,-0.699351918
1271,0.40367853
1272,0.417665898
1273,0.070714988
1274,-0.510506406
1275,-0.080505285
1276,-1.449963522
1277,0.625483364
1278,1.890082461
1279,-1.398911078
1280,0.366607934
1281,-0.886557902
1282,1.959858087
1283,0.687109458
1284,0.130993623
1285,0.292433643
1286,0.182957529
1287,0.207317689
1288,-0.363785317
1289,-0.429307535
1290,-0.243165142
1291,0.349031608
1292,0.337995501
1293,0.596631783
1294,1.440434341
1295,-1.6604646
1296,-1.380622312
1297,-0.044949843
1298,0.103616497
1299,-1.356650539
1300,-0.290942525
1301,0.943759423
1302,0.126555411
1303,-1.12415708
1304,-2.283835887
1305,0.227597832
1306,-2.388027831
1307,-0.123320546
1308,0.046642651
1309,0.768375995
1310,-1.155529708
1311,0.416139606
1312,0.86010243
1313,-0.886948797
1314,-0.961750629
1315,0.710625069
1316,0.387450309
1317,-2.380606741
1318,-0.19450856
1319,-0.720361945
1320,0.090344127
1321,1.567728636
1322,0.796087281
1323,0.322441079
1324,-0.876651556
1325,-0.636518891
1326,0.686716491
1327,-0.026702824
1328,1.138188531
1329,1.237710836
1330,1.276641126
1331,-2.120841364
1332,3.195948762
1333,0.583148037
1334,-0.308934715
1335,0.695961976
1336,-1.731893709
1337,-0.043730363
1338,0.94794922
1339,-1.479334344
1340,-0.52550511
1341,1.321681575
1342,-0.84677294
1343,-0.473093236
1344,0.555612046
1345,0.113842686
1346,0.215832781
1347,2.160109095
1348,2.144246447
1349,-1.979312265
1350,-0.109116842
1351,-0.254902839
1352,0.101415283
1353,0.671892177
1354,-0.232216783
1355,0.032640765
1356,-0.946261122
1357,1.129886682
1358,0.876438285
1359,0.188904351
1360,-1.998286938
1361,0.712223823
1362,-0.323933527
1363,1.632693492
1364,0.776377687
1365,0.834423666
1366,-1.536253188
1367,-0.904665774
1368,-0.637627616
1369,-0.749979192
1370,0.281792357
1371,0.258754156
1372,1.572545862
1373,0.277953052
1374,-0.049316866
1375,0.105005275
1376,2.680546229
1377,0.339360978
1378,-0.890572129
1379,-1.27121727
1380,0.19547105
1381,1.021079692
1382,0.440213301
1383,0.033472394
1384,1.406873434
1385,-0.588584178
1386,1.070892018
1387,1.620267918
1388,-0.464934775
1389,-0.24161878
1390,1.09558303
1391,-0.243595898
1392,0.252975934
1393,0.024416945
1394,-0.036468238
1395,-0.543634227
1396,0.143922797
1397,-0.49206638
1398,-1.075646332
1399,0.600783739
1400,0.278880263
1401,-0.44305757
1402,-0.78335009
1403,-0.188129897
1404,-0.295785907
1405,-1.310627798
1406,0.211703526
1407,0.360496879
1408,1.680519147
1409,1.233709086
1410,0.088215849
1411,1.170938016
1412,3.054434646
1413,0.031545033
1414,0.510156167
1415,-1.12870764
1416,-1.95179467
1417,-0.085302953
1418,-0.554682349
1419,-0.068652441
1420,-0.640323493
1421,1.937187847
1422,-0.45454623
1423,-0.732872552
1424,0.876862859
1425,0.138482779
1426,-1.369707334
1427,-1.367922923
1428,-0.335663641
1429,0.555052149
1430,-0.52754561
1431,-0.842635261
1432,0.533831015
1433,1.151703468
1434,0.643660028
1435,2.020424331
1436,0.367443156
1437,-0.245629514
1438,-1.367383643
1439,0.487893456
1440,0.796650759
1441,-1.770256858
1442,-1.566814701
1443,0.162425901
1444,-0.709770736
1445,0.563834975
1446,0.075690443
1447,0.375720635
1448,-0.600488523
1449,-0.153331403
1450,-0.067815992
1451,0.056722993
1452,1.537711254
1453,-0.045432179
1454,4.15E-05
1455,1.376038502
1456,-0.461380938
1457,0.479893048
1458,0.547122515
1459,1.29808307
1460,-1.015056772
1461,1.273011142
1462,-1.04068905
1463,-1.138086773
1464,1.349586451
1465,0.002579149
1466,0.378155141
1467,0.432222473
1468,1.94518971
1469,1.515275965
1470,-0.858387573
1471,0.280006374
1472,0.45689347
1473,-0.19493732
1474,0.544308235
1475,-1.824869855
1476,0.162223585
1477,-0.350728114
1478,-0.452669237
1479,-0.02201213
1480,0.821764486
1481,0.415056365
1482,-0.686725256
1483,0.091867487
1484,1.021804266
1485,-0.928684095
1486,0.916336807
1487,-1.031664998
1488,-0.781669796
1489,-2.076600846
1490,0.879391929
1491,-0.456672232
1492,-0.584927444
1493,0.326474025
1494,1.032275412
1495,-0.753401306
1496,0.50632846
1497,0.81391548
1498,-0.618124043
1499,0.313980879
1500,2.463969635
1501,-0.366635476
1502,0.678105794
1503,-1.876172132
1504,0.281619543
1505,0.381378663
1506,-0.216748644
1507,-0.281090953
1508,1.357681921
1509,-1.158990053
1510,0.22183455
1511,1.185106959
1512,-1.899587569
1513,0.220239713
1514,0.166620326
1515,-0.500870262
1516,0.206159683
1517,-0.301603223
1518,0.769696904
1519,-0.220765649
1520,0.184732012
1521,2.198758102
1522,-0.374902437
1523,-0.161081834
1524,1.127256154
1525,-0.434553232
1526,0.613804989
1527,-1.557963956
1528,1.381109309
1529,0.364491593
1530,0.827018797
1531,-0.515347653
1532,-1.222726774
1533,-0.609428981
1534,-0.576625965
1535,-1.034604585
1536,0.025720575
1537,-0.457021111
1538,-1.009323974
1539,0.33936873
1540,0.711555079
1541,0.766201309
1542,0.514196847
1543,0.661078789
1544,-0.674755054
1545,0.043535244
1546,0.789829254
1547,-0.949495266
1548,-0.25304488
1549,1.002910516
1550,0.40501215
1551,-0.826497799
1552,0.103099649
1553,0.205592569
1554,-0.587785611
1555,-1.661522269
1556,-0.348074791
1557,0.029398287
1558,-0.085289716
1559,1.585732831
1560,-0.562979912
1561,0.765181386
1562,0.283843962
1563,0.414533093
1564,-0.13546487
1565,-0.072203898
1566,0.513035435
1567,0.371851041
1568,0.038148484
1569,-1.286683323
1570,1.414917716
1571,1.535249853
1572,0.392381814
1573,0.280660939
1574,1.062606399
1575,-0.134464995
1576,0.880337931
1577,-1.200574633
1578,0.244189339
1579,-1.800679815
1580,0.498178215
1581,-0.276972713
1582,0.727059071
1583,0.566940618
1584,1.451219481
1585,1.026686551
1586,0.550885252
1587,0.10439417
1588,0.623653964
1589,0.838714472
1590,-1.398114256
1591,1.813521048
1592,-2.008159319
1593,-0.534740401
1594,-1.2963347
1595,1.232938482
1596,0.259348642
1597,0.684564516
1598,-0.101690062
1599,0.897093537
1600,1.115440084
1601,-0.701763577
1602,0.652579276
1603,2.12559697
1604,0.227813702
1605,-0.113695919
1606,0.085253469
1607,0.789637847
1608,-0.748077029
1609,-0.215213518
1610,1.257233546
1611,-1.21158307
1612,-0.696968196
1613,-0.531752997
1614,-0.612348166
1615,-1.614502499
1616,-0.807458829
1617,1.062317068
1618,1.463762761
1619,-0.587840526
1620,0.826189744
1621,0.108039832
1622,0.849833314
1623,1.116569514
1624,-0.41619211
1625,1.001952571
1626,0.49519235
1627,-0.177036899
1628,-1.586484178
1629,-0.991851989
1630,0.748520828
1631,-0.920476234
1632,0.737460012
1633,-0.057498222
1634,0.77711602
1635,0.696937721
1636,-1.362939601
1637,-0.515883381
1638,-0.207707153
1639,-0.171848729
1640,-1.638924456
1641,-0.422507957
1642,-0.832899457
1643,-0.200856534
1644,-0.808360047
1645,1.815630562
1646,-0.366965966
1647,-0.192231396
1648,-2.097651077
1649,0.790469954
1650,-0.937953605
1651,-1.97053268
1652,1.195161695
1653,0.442667509
1654,-0.275799309
1655,1.363732518
1656,1.334029189
1657,-0.596826516
1658,-1.461812906
1659,2.389412976
1660,0.108606231
1661,-0.31927242
1662,0.047184664
1663,-1.139296837
1664,-1.516962437
1665,0.863047683
1666,1.155159463
1667,1.58914078
1668,-0.777334519
1669,0.06777346
1670,-0.816850214
1671,0.858287884
1672,-2.109986098
1673,0.602348032
1674,-1.492955166
1675,-0.253512899
1676,0.725672081
1677,-1.253814376
1678,-0.113065306
1679,-0.207912625
1680,0.450122008
1681,0.91497593
1682,0.208750521
1683,0.667857354
1684,-0.615444565
1685,-0.534875028
1686,0.46014661
1687,0.82205567
1688,-0.388699804
1689,-0.421632263
1690,0.633042854
1691,2.20946427
1692,1.934561536
1693,0.26993579
1694,0.221596754
1695,1.369019727
1696,0.886252009
1697,1.765100642
1698,0.592769162
1699,0.168390159
1700,-2.820333287
1701,-1.956653324
1702,1.137473128
1703,-0.103522448
1704,0.329031939
1705,-1.584743204
1706,0.873745619
1707,-1.998210394
1708,0.345022079
1709,0.532310893
1710,0.561233592
1711,-0.660937567
1712,-0.692043417
1713,0.078887448
1714,0.03390959
1715,-0.56027351
1716,0.2176813
1717,0.322480103
1718,-0.47736862
1719,-1.176671191
1720,-0.795879678
1721,0.992327677
1722,-0.503360512
1723,-0.584217813
1724,-0.172169196
1725,-2.122849618
1726,-0.347521734
1727,-0.164480175
1728,0.141879836
1729,1.121668117
1730,0.49716855
1731,-0.128096006
1732,-0.699124916
1733,-0.468583361
1734,-1.982414682
1735,-2.412522345
1736,-1.212185987
1737,-1.227225657
1738,0.756173209
1739,-0.612592724
1740,0.16675287
1741,-0.039176876
1742,0.174342184
1743,1.290242622
1744,0.678539809
1745,1.979422852
1746,-0.138149648
1747,0.804229276
1748,0.448999851
1749,-0.194629243
1750,0.22139904
1751,0.883251593
1752,-0.889031187
1753,0.645692447
1754,0.190322041
1755,1.125512318
1756,2.39358628
1757,-0.275536667
1758,-0.670355709
1759,-1.341776131
1760,-0.149010455
1761,-1.441958807
1762,0.964716195
1763,0.98169135
1764,1.61389761
1765,0.54364434
1766,-0.059558427
1767,0.831646831
1768,0.126473693
1769,1.230008128
1770,-0.141396514
1771,0.354392351
1772,0.14604893
1773,-0.465026118
1774,-1.798400645
1775,1.741517444
1776,-0.190641505
1777,1.469975856
1778,-0.157537747
1779,0.030470126
1780,-0.048088085
1781,-0.385036746
1782,-1.614566111
1783,-1.091442423
1784,-1.003918003
1785,-0.379093322
1786,-0.636181228
1787,-0.011239735
1788,-0.459427632
1789,-0.016573863
1790,-0.271724217
1791,1.064871172
1792,1.031658282
1793,0.130255001
1794,-0.854419246
1795,0.915396341
1796,1.072526231
1797,0.07354176
1798,0.239467662
1799,-2.681419368
1800,1.213962847
1801,-2.752289776
1802,-1.10310713
1803,1.234677236
1804,-1.402370737
1805,0.191713302
1806,0.39573926
1807,-0.767326149
1808,-1.201616555
1809,-1.544620603
1810,-0.671165317
1811,-0.779291424
1812,0.381732581
1813,0.936737527
1814,1.309889584
1815,-0.064619519
1816,-0.176713758
1817,-0.723572988
1818,-0.293807996
1819,0.555012236
1820,1.221091321
1821,-1.964819639
1822,0.874430634
1823,-1.137218041
1824,-0.667710553
1825,1.432362039
1826,1.110644046
1827,0.334241108
1828,-1.643659088
1829,-0.535955374
1830,-0.08950183
1831,-0.653200972
1832,1.150258401
1833,0.357788794
1834,-2.542761646
1835,0.654270175
1836,-0.945644234
1837,-0.070016781
1838,-0.02691843
1839,-0.612623772
1840,0.954235733
1841,0.843467656
1842,0.270518136
1843,1.001879734
1844,0.314209124
1845,0.209296792
1846,-0.950653381
1847,-0.395320395
1848,-0.225131717
1849,-0.971097157
1850,-0.304287444
1851,-0.026820878
1852,-0.935248862
1853,0.327865147
1854,-2.021433742
1855,0.133208853
1856,-1.256806555
1857,-0.021247352
1858,-0.869538688
1859,0.521676196
1860,1.094064201
1861,1.451923789
1862,-0.962045771
1863,0.53392234
1864,-0.420654979
1865,-0.543974019
1866,0.429828684
1867,0.491370075
1868,-1.500088789
1869,0.755549474
1870,-1.063251594
1871,-1.131908694
1872,1.060304206
1873,-0.176090264
1874,-0.299079215
1875,0.021139236
1876,1.151715979
1877,-1.385925091
1878,-0.009334339
1879,0.740023392
1880,2.233327993
1881,1.54558843
1882,1.463783285
1883,-0.007421345
1884,-0.580164259
1885,0.131208131
1886,-0.205826484
1887,0.340520159
1888,0.162771597
1889,-0.139345172
1890,-0.779784472
1891,-0.041163832
1892,0.562753125
1893,-1.378837688
1894,0.810339955
1895,0.793760995
1896,-0.223839205
1897,-0.032963364
1898,-0.442676755
1899,-1.71463382
1900,0.873074643
1901,-1.256950387
1902,-0.543646188
1903,-1.116826294
1904,0.61923772
1905,-1.057943066
1906,-0.667453128
1907,-0.08688789
1908,-0.004944712
1909,-0.227479991
1910,-1.165867719
1911,0.684356196
1912,-0.986617514
1913,3.491932305
1914,-0.042008495
1915,-0.652898889
1916,0.103200853
1917,0.80498245
1918,0.176767826
1919,1.048581915
1920,0.241048363
1921,-0.601433138
1922,2.298295241
1923,-0.179333763
1924,-0.497845556
1925,0.732026651
1926,1.7238527
1927,-0.262992429
1928,0.438711839
1929,2.389142278
1930,-0.669849171
1931,0.624126918
1932,-0.330434814
1933,-1.212086733
1934,0.437826976
1935,0.211424364
1936,0.198973802
1937,-1.682507173
1938,0.326283017
1939,-1.108985048
1940,-1.240167094
1941,0.72167702
1942,-0.58057645
1943,-0.636358044
1944,0.651219894
1945,-1.393534238
1946,0.563908734
1947,-1.446280998
1948,-1.555596154
1949,1.379659452
1950,0.049950769
1951,-0.995542186
1952,0.051847965
1953,-0.004894937
1954,0.931174247
1955,1.25866167
1956,1.908682525
1957,1.221487908
1958,-0.15121568
1959,-1.125291457
1960,-1.517935457
1961,0.455208213
1962,-2.051719201
1963,1.343278386
1964,-0.949311519
1965,-0.132454824
1966,1.413612344
1967,0.337233479
1968,-2.204537982
1969,0.80705627
1970,0.808437394
1971,2.95372605
1972,-0.602659626
1973,-0.815899101
1974,-1.61858666
1975,-0.233937265
1976,1.035626836
1977,-0.271423665
1978,0.134835699
1979,-0.01164695
1980,0.400451444
1981,-2.180020766
1982,0.726957533
1983,-0.557682426
1984,-0.946571543
1985,-0.563213763
1986,1.857613475
1987,0.617632134
1988,0.371849342
1989,-0.142306171
1990,0.183893362
1991,-0.308647687
1992,-0.446653653
1993,0.123112163
1994,-0.173985215
1995,-0.714007674
1996,-0.916861292
1997,0.851419627
1998,-0.632760737
1999,0.487816019
2000,0.437531595
2001,0.268898897
2002,-0.406038731
2003,0.882189416
2004,0.096133921
2005,-0.754966529
2006,-1.565608433
2007,0.673492263
2008,-0.527619426
2009,1.02224789
2010,-1.4616596
2011,0.698354017
2012,0.77307261
2013,-0.203734239
2014,-1.164602962
2015,-1.165271942
2016,-1.271949423
2017,1.031654133
2018,-0.242539776
2019,-0.753949879
2020,1.840714449
2021,0.419855963
2022,2.170269311
2023,-1.380790689
2024,-1.113057692
2025,-0.605403257
2026,0.048010975
2027,-0.720264649
2028,0.073800561
2029,-0.174778551
2030,0.42592129
2031,-0.005359375
2032,0.017226598
2033,1.135667458
2034,-1.13433544
2035,-1.048734045
2036,-1.698813307
2037,0.37954263
2038,-1.056003751
2039,1.546281083
2040,-0.084062212
2041,0.13743186
2042,-0.255777557
2043,0.106038631
2044,0.712993618
2045,0.18469832
2046,-1.307869557
2047,1.00962164
2048,0.999446982
2049,-0.267230398
2050,0.230501835
2051,-0.779329333
2052,-1.383835108
2053,-0.407315849
2054,0.81383688
2055,-0.064393679
2056,-1.950474894
2057,1.164804226
2058,-2.048658704
2059,0.919640036
2060,-0.131740688
2061,-1.607475537
2062,-0.228091884
2063,0.816577935
2064,0.681129948
2065,0.534717296
2066,0.505814532
2067,2.07109539
2068,0.213522839
2069,0.339270304
2070,-2.155843392
2071,-0.529598426
2072,-0.290029492
2073,1.519740548
2074,0.048680136
2075,2.29940194
2076,0.469463829
2077,-1.04044455
2078,1.320373652
2079,-0.151639433
2080,-0.773961844
2081,-0.985793873
2082,0.086254156
2083,-0.249976733
2084,-1.655685407
2085,0.490168
2086,0.288886526
2087,0.029729881
2088,-1.83221196
2089,-0.31829773
2090,-0.27927446
2091,2.180877878
2092,-0.153627689
2093,-0.419942549
2094,1.037654339
2095,0.943496908
2096,-0.463353275
2097,1.246478431
2098,1.431584087
2099,-0.703802662
2100,-1.559881569
2101,0.687213777
2102,2.36255593
2103,0.647799522
2104,0.893056032
2105,-0.20960635
2106,-2.236654765
2107,-0.590049411
2108,0.372263004
2109,-0.850368245
2110,-0.97185697
2111,0.99487738
2112,0.903680134
2113,-0.065841692
2114,0.694183445
2115,1.875106145
2116,-0.328130233
2117,1.19115037
2118,0.911631871
2119,1.384344537
2120,-0.837805833
2121,-1.720271921
2122,-1.129407789
2123,-2.223195368
2124,-0.503920307
2125,-1.102138328
2126,0.888210981
2127,-0.761340052
2128,-0.650659687
2129,1.907375041
2130,-0.495195105
2131,-0.769821619
2132,-1.575537616
2133,1.125412216
2134,-1.732145164
2135,0.382841921
2136,-1.117176569
2137,-0.463852202
2138,0.953227534
2139,-0.100489064
2140,-1.134906328
2141,0.966791135
2142,0.714900488
2143,-0.645967396
2144,1.521197517
2145,-0.058248692
2146,0.873027389
2147,2.397723706
2148,0.016536159
2149,-1.302815123
2150,-0.789855032
2151,-0.26234215
2152,-0.188988736
2153,-0.814372101
2154,0.280503054
2155,0.378297185
2156,-0.189631286
2157,-0.281167115
2158,0.472809881
2159,0.774992979
2160,0.51799419
2161,0.655132483
2162,1.196122796
2163,1.664075547
2164,-0.477636454
2165,-1.687727663
2166,-1.051146328
2167,-0.822916904
2168,-1.560329054
2169,0.429726551
2170,0.303413991
2171,-0.752705113
2172,-0.358875494
2173,1.418171944
2174,-0.21001548
2175,-1.296120233
2176,-0.320812597
2177,-2.665226992
2178,-1.082836372
2179,0.913746356
2180,0.555760663
2181,-0.619889717
2182,0.375094559
2183,-0.643218904
2184,-2.067994722
2185,-0.463031724
2186,0.9939736
2187,0.260160492
2188,2.113768527
2189,-0.133183945
2190,-1.508533216
2191,0.145761632
2192,1.053664938
2193,-0.243739298
2194,-2.172789592
2195,-0.148766856
2196,3.129092997
2197,0.115359527
2198,-0.876608657
2199,0.371814373
2200,-0.102286601
2201,-0.463363298
2202,-0.584507143
2203,0.167764267
2204,1.098545872
2205,-1.6771453
2206,0.26569072
2207,1.615546812
2208,-0.289345537
2209,-2.387075431
2210,0.201030997
2211,1.906061227
2212,-0.925058773
2213,-0.173458923
2214,-1.287525015
2215,-0.570450088
2216,0.559150378
2217,-0.77905733
2218,-1.053055656
2219,-2.426948844
2220,0.324495834
2221,0.17789819
2222,-0.210203901
2223,-0.370782303
2224,1.05432857
2225,0.220909608
2226,0.634703816
2227,0.880494998
2228,0.797858213
2229,1.008084775
2230,-0.844920696
2231,0.428415639
2232,-1.804715812
2233,0.280201121
2234,1.061127313
2235,-0.310571478
2236,1.514298518
2237,0.566770048
2238,0.119916634
2239,-0.794718621
2240,-0.802601059
2241,0.974541084
2242,-0.547616884
2243,0.636645424
2244,-1.023569663
2245,-1.429437932
2246,1.12215978
2247,-0.673513408
2248,-1.233943372
2249,0.814504805
2250,-0.1682462
2251,0.573686993
2252,-0.113534464
2253,0.254556752
2254,-0.237096269
2255,0.612239475
2256,1.782774043
2257,-0.539752518
2258,0.323812982
2259,0.28500004
2260,-0.782771998
2261,0.734821346
2262,-0.317417148
2263,0.283001596
2264,1.367183343
2265,0.262354508
2266,0.647314133
2267,1.005168487
2268,-1.326925629
2269,0.456694824
2270,0.182682497
2271,-2.207396927
2272,-1.022118566
2273,-0.560532611
2274,-0.17949924
2275,-0.070274141
2276,-0.585543386
2277,0.867044272
2278,-0.378159314
2279,1.452848242
2280,-2.124012659
2281,1.665235597
2282,-0.103940426
2283,-1.238460901
2284,1.059655945
2285,-0.506943685
2286,-0.041692745
2287,0.130682126
2288,-0.000387327
2289,0.576421821
2290,-1.267085824
2291,-0.523400793
2292,-0.054532313
2293,-2.324532221
2294,-0.267196002
2295,-0.311664176
2296,0.59160579
2297,0.549724842
2298,-0.039166411
2299,0.533963897
2300,-0.72708224
2301,-0.849075313
2302,-2.947739182
2303,0.187932756
2304,2.232346777
2305,-1.653760788
2306,-1.643209004
2307,0.18551259
2308,-0.254146596
2309,3.071974161
2310,1.675207854
2311,-0.460573587
2312,0.489180249
2313,-0.917957882
2314,-0.074155142
2315,-1.196217709
2316,1.41002429
2317,0.852141482
2318,0.619544911
2319,-0.560351503
2320,-0.707192676
2321,-0.417564571
2322,0.544917135
2323,-0.49505007
2324,-0.344730612
2325,1.358386932
2326,0.113664671
2327,1.193360676
2328,0.596367261
2329,0.134216684
2330,0.197956768
2331,0.790200679
2332,1.242220609
2333,0.913243337
2334,0.902078589
2335,-1.224319611
2336,-0.575896782
2337,0.413487364
2338,0.357099475
2339,-1.903141198
2340,1.576872366
2341,0.025644353
2342,0.833641667
2343,-1.376842521
2344,-2.064525385
2345,1.1799475
2346,0.877907394
2347,0.652801282
2348,0.449689079
2349,0.321979982
2350,-0.435059117
2351,-0.480970909
2352,-0.62197664
2353,-1.338691469
2354,-0.945468609
2355,0.414067829
2356,0.121887151
2357,-0.928937971
2358,-3.881984571
2359,-0.044185363
2360,-0.979684514
2361,1.833953653
2362,1.112103564
2363,-0.688848485
2364,0.767616942
2365,1.036843
2366,-0.378074525
2367,0.456158038
2368,-0.078620971
2369,0.87742959
2370,0.935071791
2371,-0.814089876
2372,0.747360582
2373,0.053498382
2374,-0.124161991
2375,0.443530107
2376,0.301521177
2377,-1.244942269
2378,0.148325165
2379,-0.328568255
2380,-0.730602926
2381,-0.168130267
2382,-0.839289024
2383,0.709790056
2384,-0.493091457
2385,1.25029411
2386,0.929726432
2387,0.42541815
2388,-0.536767659
2389,1.089846227
2390,0.654909124
2391,-1.223201766
2392,0.706940561
2393,2.665365609
2394,0.658153581
2395,0.646996452
2396,-0.850550126
2397,2.13062382
2398,-1.658718077
2399,-1.124870881
2400,-0.478908521
2401,-0.31954554
2402,1.331936124
2403,-1.662987788
2404,-0.975551361
2405,1.087280424
2406,0.334121908
2407,-0.546762315
2408,1.174793783
2409,0.895335583
2410,0.040697133
2411,-0.790260841
2412,-0.102919592
2413,-0.530219414
2414,0.410854039
2415,0.245580781
2416,0.022995289
2417,-1.287854709
2418,0.966144676
2419,-1.903113034
2420,0.504824897
2421,-0.384792628
2422,-0.258931679
2423,1.852167744
2424,0.620561252
2425,0.086399021
2426,0.618306122
2427,0.519018221
2428,-1.402693148
2429,1.014813309
2430,0.878764922
2431,-0.765216197
2432,0.414897125
2433,3.277494219
2434,0.052314109
2435,-0.26185984
2436,-1.729192779
2437,-0.691373252
2438,-0.161914567
2439,1.567445859
2440,0.761604644
2441,0.098427746
2442,1.712206561
2443,-0.897633381
2444,1.775529169
2445,1.179829434
2446,-0.35923396
2447,-1.239313294
2448,0.587328151
2449,-0.629025136
2450,0.348145938
2451,-1.990329594
2452,-1.205436281
2453,1.105119958
2454,0.515968805
2455,-0.44336605
2456,-1.113331177
2457,0.611478957
2458,0.091170385
2459,-0.902894053
2460,-1.654597014
2461,-0.47755909
2462,0.886625671
2463,0.266896046
2464,-0.974578336
2465,-0.072284491
2466,0.138530002
2467,1.419634736
2468,-2.370401608
2469,-0.169622956
2470,0.694159507
2471,-1.139574028
2472,1.18779096
2473,0.06478153
2474,0.171223315
2475,0.346438873
2476,0.923678726
2477,0.834382048
2478,0.14197264
2479,-2.353594171
2480,1.820879446
2481,0.213460786
2482,-0.746652857
2483,-1.646664251
2484,1.716308267
2485,1.399464772
2486,0.19677056
2487,0.113539957
2488,0.329014672
2489,0.525154079
2490,-1.100916688
2491,-0.655329224
2492,0.08046441
2493,1.424508843
2494,0.657329853
2495,0.757662238
2496,-0.604320659
2497,-0.572640651
2498,-0.164240537
2499,-0.354776893
2500,0.511225153
2501,-1.471723311
2502,-0.55105756
2503,0.044328472
2504,-0.039925357
2505,-2.944307782
2506,-1.281848914
2507,0.204971245
2508,1.488507906
2509,1.25850952
2510,-0.316271435
2511,-1.042187293
2512,-0.502266346
2513,0.041243016
2514,-0.064000793
2515,-0.919717534
2516,0.25564767
2517,-0.213229813
2518,-0.104574734
2519,0.157786333
2520,1.064095137
2521,-1.228476282
2522,-0.255835425
2523,-0.616902812
2524,-1.196434852
2525,0.300931097
2526,0.620792913
2527,-0.330553924
2528,-1.152606941
2529,0.49053894
2530,-0.09409226
2531,0.650684698
2532,-0.776714963
2533,0.178694824
2534,0.345658344
2535,1.032482493
2536,-0.567491714
2537,0.964875254
2538,-1.04196014
2539,0.461217901
2540,-0.87665254
2541,-0.251591242
2542,0.376505013
2543,0.566336831
2544,-0.449160127
2545,0.948220706
2546,-0.569179546
2547,2.390482163
2548,-0.437765047
2549,1.294372132
2550,-0.641944787
2551,-0.274306374
2552,1.105592044
2553,0.840533189
2554,-0.045732324
2555,0.872654123
2556,0.548392897
2557,0.887331352
2558,0.464615602
2559,0.989724044
2560,-0.915432383
2561,0.01288075
2562,1.510185566
2563,0.550241167
2564,2.320566376
2565,-2.169455231
2566,-1.128439757
2567,1.766937383
2568,-0.118315184
2569,-0.187846036
2570,0.754728822
2571,-0.607420871
2572,1.255634711
2573,-1.53580219
2574,0.616385511
2575,0.266808211
2576,-1.594076551
2577,-0.462430704
2578,1.58873478
2579,-0.369690169
2580,1.005693964
2581,0.029191598
2582,-0.95238771
2583,-0.603064903
2584,-1.919719303
2585,0.296584542
2586,1.720028671
2587,1.388031158
2588,-1.140209815
2589,-0.630890432
2590,0.332235817
2591,1.455853403
2592,0.819894507
2593,2.225457006
2594,0.494973696
2595,1.117964757
2596,1.159366386
2597,1.590741835
2598,-0.65558548
2599,0.979966711
2600,-0.257333914
2601,0.562972279
2602,-0.302101436
2603,0.948523812
2604,-0.159300121
2605,0.230198781
2606,1.131888212
2607,-1.959622421
2608,-0.479266398
2609,0.654500976
2610,1.602200156
2611,2.097903146
2612,-0.267341429
2613,-0.33421818
2614,-0.046840776
2615,-0.777964689
2616,-0.484583716
2617,0.911778155
2618,0.49232043
2619,-1.238573132
2620,1.178247305
2621,1.248210173
2622,-1.864854646
2623,-0.277915936
2624,0.339042462
2625,-0.084542021
2626,-2.266560021
2627,-0.328189186
2628,0.079566445
2629,-1.238567937
2630,-1.093154455
2631,0.543115851
2632,0.129372551
2633,0.547263995
2634,0.101484642
2635,0.39171527
2636,-0.235692403
2637,1.332087638
2638,-0.538995457
2639,-1.534086492
2640,-0.158105205
2641,-0.459538692
2642,1.286321212
2643,2.748336866
2644,1.319275475
2645,0.965824599
2646,-1.849791129
2647,-0.365969316
2648,-0.026748075
2649,1.412237792
2650,0.893938196
2651,2.045516083
2652,0.993486903
2653,-0.934406144
2654,-0.374988668
2655,-0.131594204
2656,-0.31985798
2657,-0.898560316
2658,0.294453469
2659,0.2365443
2660,-1.49736033
2661,-0.639060671
2662,0.409361061
2663,-0.90335713
2664,-1.609108987
2665,-1.042496431
2666,0.66365398
2667,-1.460687966
2668,1.04543162
2669,0.24217044
2670,-0.432099669
2671,-1.457979129
2672,0.936834925
2673,-0.02098623
2674,1.253894624
2675,0.008861827
2676,-0.011221448
2677,-1.37899529
2678,0.006323743
2679,0.228862821
2680,0.559326648
2681,-0.622105232
2682,-0.605225876
2683,-0.741239755
2684,-0.244983663
2685,-1.197505413
2686,1.048188035
2687,-0.722471167
2688,-0.856906766
2689,1.069055524
2690,1.635073343
2691,-2.33441323
2692,0.140517726
2693,0.714071156
2694,-2.858282826
2695,-0.359704794
2696,1.053536163
2697,-0.495593973
2698,-0.914879063
2699,0.018177599
2700,-1.663461028
2701,0.903088546
2702,0.070485897
2703,-0.47052985
2704,0.350228008
2705,-0.104989226
2706,1.010873342
2707,-1.300468899
2708,-0.50667195
2709,-0.686628003
2710,1.009796815
2711,0.895725561
2712,1.406371756
2713,-0.833701979
2714,0.494127881
2715,1.049901178
2716,-1.185188759
2717,-1.607393431
2718,0.665512925
2719,-0.903603585
2720,0.548833516
2721,-0.860859601
2722,-1.169663035
2723,0.472711556
2724,0.625126874
2725,0.922224052
2726,-0.626086374
2727,-1.880822019
2728,0.817310325
2729,0.223769635
2730,1.260377072
2731,0.432373667
2732,-0.857498989
2733,0.195325553
2734,0.570573044
2735,-0.365201502
2736,0.397155759
2737,0.631197971
2738,1.134960391
2739,-0.37915526
2740,0.425900371
2741,-1.191955195
2742,1.133754066
2743,0.688000962
2744,-1.05473209
2745,0.228861128
2746,-0.684195912
2747,-0.22735198
2748,-1.669272623
2749,-0.338113301
2750,0.258698499
2751,0.190620524
2752,0.187312078
2753,-0.738451828
2754,1.467349799
2755,0.55294791
2756,0.028664589
2757,-0.019741475
2758,-0.077695287
2759,-0.053061388
2760,-0.409903984
2761,0.490067459
2762,-0.664218498
2763,0.553820144
2764,-1.230172485
2765,-0.694513503
2766,-1.177874934
2767,-1.734221288
2768,-0.766755391
2769,-0.639914253
2770,-0.092044639
2771,-0.292035737
2772,-0.678410482
2773,-0.853419187
2774,0.993362024
2775,-0.892132443
2776,1.209485302
2777,-1.805518729
2778,-1.72971863
2779,-0.057274563
2780,1.322145102
2781,1.319110242
2782,-0.077478754
2783,0.775430348
2784,-0.907028347
2785,-0.135900765
2786,-1.23357541
2787,-1.53572799
2788,0.363481829
2789,-0.738716085
2790,-0.420428489
2791,0.847947772
2792,-1.713691314
2793,0.817850653
2794,-1.057041527
2795,0.71770822
2796,-0.198422553
2797,-0.729732266
2798,-0.242251148
2799,1.981286921
2800,1.286774738
2801,1.516893251
2802,-0.011740695
2803,-0.934652624
2804,-0.043099652
2805,-1.009298649
2806,-0.71512422
2807,-1.887221224
2808,-0.292991489
2809,-0.517759043
2810,0.429021483
2811,-0.457475342
2812,-0.180544357
2813,0.304863549
2814,0.745765038
2815,-2.033244786
2816,-0.537945341
2817,0.193989777
2818,0.500289695
2819,-1.332892107
2820,-0.948670591
2821,-1.822125978
2822,-1.638916312
2823,-0.112739469
2824,0.087580082
2825,-1.035940548
2826,0.204675696
2827,1.02372463
2828,-1.496566337
2829,0.41430718
2830,-0.982029717
2831,1.169713584
2832,0.381686136
2833,-1.173346398
2834,0.67554544
2835,1.011580181
2836,-1.380103458
2837,-0.519676824
2838,0.79196138
2839,1.321544062
2840,1.481486541
2841,-0.049629587
2842,-0.596105305
2843,2.209675125
2844,-1.896184693
2845,0.216184386
2846,0.072366841
2847,1.159136989
2848,-0.061953325
2849,-1.580848149
2850,0.164331932
2851,0.629306066
2852,-0.174827548
2853,-0.599384531
2854,-0.591392692
2855,0.368315155
2856,-0.057866089
2857,0.165970502
2858,-1.238307551
2859,0.333368058
2860,0.875803996
2861,0.674909575
2862,0.055971406
2863,-2.191296343
2864,0.373450692
2865,1.180550935
2866,0.393984153
2867,-1.20172831
2868,-0.816031028
2869,0.988903448
2870,1.116912719
2871,2.13332287
2872,-0.578668709
2873,0.965548341
2874,-0.175652787
2875,-1.040527169
2876,0.099862381
2877,-0.57239717
2878,0.537782489
2879,0.423347249
2880,0.958015831
2881,0.601698288
2882,2.017972097
2883,0.48823138
2884,0.458536525
2885,0.415532988
2886,1.057829028
2887,1.588102721
2888,-0.400113501
2889,0.642121039
2890,0.171838702
2891,0.704915764
2892,1.176578213
2893,0.727798564
2894,-0.147434922
2895,1.769823482
2896,-1.225144088
2897,1.528540442
2898,0.22663169
2899,0.975786203
2900,-0.482942796
2901,-2.520274066
2902,0.97128182
2903,-1.388036072
2904,-0.002691706
2905,0.078474214
2906,1.230101463
2907,0.569182665
2908,0.05379766
2909,-0.108531259
2910,-0.401416737
2911,1.341708795
2912,-0.819169934
2913,-0.894079462
2914,1.626941767
2915,1.017347905
2916,0.934889636
2917,-0.484527573
2918,-0.743237297
2919,1.728810212
2920,-0.416041859
2921,-0.357208976
2922,1.099398489
2923,-0.224016569
2924,-1.170412014
2925,0.616475988
2926,1.39165043
2927,-0.899359723
2928,2.494333479
2929,-1.061117494
2930,-1.251006139
2931,-0.620188209
2932,0.711212358
2933,-1.150521425
2934,-0.783810274
2935,1.933325939
2936,-1.843913455
2937,0.558128968
2938,0.63577487
2939,-0.038641592
2940,-0.304341518
2941,0.61702072
2942,-0.342602749
2943,0.417375977
2944,-0.615039008
2945,1.652709905
2946,0.110195645
2947,-0.282895974
2948,-0.664959185
2949,-0.201302516
2950,-1.144928712
2951,1.625182794
2952,-0.493360143
2953,3.735467281
2954,1.868454099
2955,1.252024825
2956,2.48163205
2957,2.51767029
2958,-0.954769287
2959,1.385999508
2960,-0.311660135
2961,0.825914556
2962,-0.266627745
2963,1.130126997
2964,-0.03912404
2965,-0.371529439
2966,0.001132328
2967,2.393697354
2968,-0.367806894
2969,-0.884961454
2970,-1.067965686
2971,1.004841297
2972,0.467141085
2973,0.918518825
2974,-0.367117994
2975,0.158222122
2976,-1.811813254
2977,-1.52191153
2978,0.358827293
2979,1.032440211
2980,0.996241991
2981,-0.587895012
2982,-0.588798496
2983,-1.834958126
2984,1.012939607
2985,-0.346090991
2986,1.392192324
2987,0.747534742
2988,0.075681536
2989,-1.084785243
2990,-0.11788617
2991,0.823779633
2992,-0.920231437
2993,1.698547954
2994,-0.249125442
2995,-0.45143808
2996,0.408066007
2997,0.737520246
2998,0.052667919
2999,1.299932916
3000,1.622640709
3001,1.367246688
3002,0.592331985
3003,0.532990646
3004,2.146775619
3005,-0.656384174
3006,-1.318348911
3007,1.294190669
3008,-1.543107573
3009,0.747473741
3010,-0.57466092
3011,1.148453594
3012,-1.20985232
3013,0.176875495
3014,-0.048141502
3015,0.776128901
3016,-0.147027357
3017,2.344584978
3018,0.480232925
3019,-0.161712436
3020,-0.858799359
3021,0.882924279
3022,1.687609853
3023,0.782742629
3024,-0.173484989
3025,-0.309340475
3026,0.390295547
3027,0.620692159
3028,-0.33979092
3029,0.749132527
3030,0.45520444
3031,-0.823819623
3032,0.843163135
3033,0.059280735
3034,2.293803313
3035,-2.17331956
3036,0.227066507
3037,1.993133877
3038,-0.483728347
3039,0.379422415
3040,0.200277883
3041,1.702677424
3042,0.16029084
3043,-0.260015459
3044,0.427842312
3045,-0.346657362
3046,2.487622908
3047,-0.640585436
3048,0.868237917
3049,-0.740310124
3050,1.282479621
3051,-1.269318352
3052,1.195099055
3053,-0.352602052
3054,-2.075194242
3055,-0.616905112
3056,-0.050680921
3057,1.830614217
3058,-0.568932961
3059,-0.680954336
3060,-0.398579769
3061,0.106401968
3062,1.041746061
3063,0.142995519
3064,0.212426507
3065,1.021442985
3066,0.42892749
3067,-1.067776669
3068,-1.078675298
3069,-2.641582014
3070,-0.168269456
3071,-0.611551395
3072,0.566792694
3073,0.026405265
3074,1.64627363
3075,-1.482063443
3076,1.512929693
3077,-0.4248651
3078,-0.127856406
3079,-1.37325901
3080,-0.068280931
3081,0.817302348
3082,-1.449598827
3083,-0.033438119
3084,-2.076981364
3085,-0.552160127
3086,-0.726266961
3087,0.180794672
3088,-0.8100473
3089,-1.060370854
3090,-1.10425518
3091,0.484207031
3092,-0.379120883
3093,1.577510228
3094,-1.627364391
3095,-0.995415292
3096,0.32345564
3097,-0.158802019
3098,1.126821735
3099,0.316174675
3100,-1.024625885
3101,1.047844409
3102,-0.536856102
3103,0.926839528
3104,-0.909269609
3105,0.021985314
3106,0.195177426
3107,0.261874592
3108,0.194683145
3109,-0.232060249
3110,-0.024501053
3111,-1.019161286
3112,2.59346701
3113,2.036101256
3114,1.436483567
3115,0.412728498
3116,-0.049883836
3117,-0.511243148
3118,1.639847378
3119,-1.060740341
3120,0.294140066
3121,-0.439490519
3122,0.416686725
3123,2.28405906
3124,0.040893179
3125,-1.375726149
3126,-0.388357756
3127,-1.834528848
3128,-1.4586064
3129,-1.264168992
3130,0.356745726
3131,0.431686126
3132,1.209426959
3133,0.10321642
3134,1.372996433
3135,-0.503475677
3136,-0.077985112
3137,0.668512481
3138,0.322135117
3139,-1.744206559
3140,-0.814293945
3141,2.481211641
3142,1.942957313
3143,0.422397925
3144,-0.689062082
3145,-0.996812395
3146,1.08841127
3147,-1.075402776
3148,0.007223161
3149,0.362133964
3150,-0.160529687
3151,0.716899719
3152,-0.711592827
3153,1.08987625
3154,-0.840288291
3155,-0.436935008
3156,-1.263909927
3157,-0.91384615
3158,-1.808461756
3159,0.517326542
3160,-0.385412909
3161,-0.948802866
3162,-1.231473186
3163,0.483944431
3164,0.191951086
3165,0.51150396
3166,-1.50184507
3167,-1.707710798
3168,-0.72971058
3169,1.591544536
3170,-0.394718944
3171,1.712500851
3172,-0.090820777
3173,0.002719235
3174,-0.07258457
3175,-0.215934351
3176,-0.569198453
3177,0.173218517
3178,0.819392185
3179,-2.237006968
3180,0.497469758
3181,0.539041323
3182,0.978031158
3183,0.593924533
3184,0.361621154
3185,-0.549867243
3186,-0.664615668
3187,-0.578953214
3188,0.464130297
3189,-0.472241683
3190,0.498457486
3191,0.048077966
3192,-1.090625535
3193,1.073841586
3194,-1.410684291
3195,-0.634628445
3196,1.218141331
3197,1.507845456
3198,0.46486803
3199,-0.409187729
3200,-1.46144888
3201,-0.661224546
3202,0.204446671
3203,-0.882674178
3204,-0.651118975
3205,-0.761089029
3206,-3.053097471
3207,0.125949253
3208,0.14792206
3209,1.104362766
3210,1.09224691
3211,-0.291675792
3212,-0.861819333
3213,-1.267806095
3214,-0.769772929
3215,-0.205568035
3216,-0.37099165
3217,-0.427237057
3218,0.368921387
3219,0.338066532
3220,0.843520556
3221,0.656752191
3222,-2.411961378
3223,-0.36571159
3224,-0.557491034
3225,-1.215726742
3226,-1.280173043
3227,0.382513374
3228,-1.108912498
3229,0.255424261
3230,0.280456161
3231,0.51736448
3232,-0.708693911
3233,-1.525984992
3234,0.290108278
3235,-0.125399462
3236,0.413812836
3237,-0.613824353
3238,-0.276226188
3239,-1.236361449
3240,0.606907193
3241,0.733694149
3242,-0.267633827
3243,3.124505131
3244,0.724833551
3245,-0.125921963
3246,0.633034688
3247,0.185051673
3248,1.16620372
3249,1.358961739
3250,0.09526264
3251,-1.51450379
3252,-0.915174623
3253,-0.80765801
3254,0.39623268
3255,0.018440396
3256,0.94846078
3257,0.552700059
3258,0.044665274
3259,-0.086524421
3260,-0.480712252
3261,-0.041806992
3262,0.752496007
3263,0.490420169
3264,-0.852462615
3265,-0.801242242
3266,-1.458811106
3267,0.261914166
3268,0.915062596
3269,-0.462636293
3270,0.580629957
3271,0.863448758
3272,-0.881460503
3273,0.136000094
3274,-1.63561951
3275,-0.210329912
3276,-0.626014024
3277,1.852514326
3278,0.15334711
3279,-0.565155819
3280,0.738885186
3281,0.538552829
3282,-0.777949111
3283,0.096614821
3284,0.69350659
3285,1.252249479
3286,0.169521553
3287,-0.78125386
3288,1.305255537
3289,0.693622784
3290,-0.665454168
3291,1.494780947
3292,1.718831425
3293,-0.02842775
3294,0.199658495
3295,0.248248933
3296,-0.279126459
3297,-0.218665689
3298,-1.272554568
3299,0.195813681
3300,1.033005613
3301,1.446517162
3302,0.562961365
3303,-1.859813036
3304,0.249550752
3305,0.702378961
3306,1.752938198
3307,-0.415426337
3308,-0.47651213
3309,0.417059287
3310,0.756112616
3311,0.197331416
3312,0.898508926
3313,-0.24262693
3314,-0.693995257
3315,-0.363537169
3316,-1.750195109
3317,0.63250557
3318,2.080962364
3319,-0.882655534
3320,-0.602529023
3321,0.03067545
3322,0.007313955
3323,0.648728973
3324,1.304662713
3325,1.040202354
3326,-1.419466287
3327,0.318626313
3328,0.201417687
3329,-0.883406473
3330,-1.413753196
3331,0.272300136
3332,0.792871043
3333,0.25223227
3334,-1.087910583
3335,0.82406871
3336,0.597424491
3337,0.235881662
3338,-0.412929172
3339,1.231487393
3340,-0.042675123
3341,1.847921166
3342,-0.127002091
3343,-0.24949353
3344,-0.621781656
3345,-0.70055217
3346,-0.051835745
3347,-0.315174976
3348,-0.762243544
3349,-0.874042862
3350,-1.171147779
3351,-0.276261024
3352,-0.312369771
3353,-1.567272961
3354,-0.65154755
3355,-1.655946766
3356,1.143339535
3357,-0.026398066
3358,-0.931221612
3359,0.967881933
3360,0.159829029
3361,-1.19853979
3362,-0.65163034
3363,0.051530748
3364,0.003513278
3365,0.366206453
3366,1.102157219
3367,-0.173397656
3368,1.3297251
3369,0.401721045
3370,-0.525005627
3371,0.643898849
3372,-1.150888544
3373,1.352560596
3374,1.104187437
3375,1.659636341
3376,-0.698044074
3377,1.20253071
3378,-1.080768225
3379,0.425067093
3380,0.387068773
3381,0.504806735
3382,2.098260871
3383,-0.796670217
3384,1.819025063
3385,1.211334863
3386,-0.431523555
3387,0.739248101
3388,-1.922155063
3389,1.327796214
3390,0.656871995
3391,0.427157263
3392,-1.28763049
3393,0.757784901
3394,-1.001359279
3395,-1.599123512
3396,-0.416492402
3397,0.295399388
3398,0.373193978
3399,1.597219865
3400,-0.149661102
3401,-0.949258687
3402,-0.17549107
3403,1.561978165
3404,-0.642496936
3405,0.460616773
3406,0.57721201
3407,-1.007733976
3408,0.040908049
3409,-0.306977419
3410,1.612642003
3411,0.949843046
3412,0.022392657
3413,0.338021482
3414,-0.641246114
3415,0.963840295
3416,-0.389068236
3417,0.971345971
3418,0.12227572
3419,0.272830054
3420,1.096480576
3421,1.141456679
3422,-0.005885529
3423,-1.519425758
3424,-2.243843726
3425,1.570264634
3426,-0.851014121
3427,-0.523539272
3428,0.300548214
3429,-1.653744209
3430,3.15E-05
3431,0.871076537
3432,-0.438418977
3433,-0.634207346
3434,1.810422301
3435,-0.114957192
3436,1.500212942
3437,0.427158247
3438,0.569664844
3439,-1.053006697
3440,-0.546739419
3441,-0.142375108
3442,0.546907468
3443,-1.210726562
3444,0.3407525
3445,1.173928677
3446,-0.561723941
3447,-1.801199808
3448,-1.159894693
3449,-0.807805642
3450,0.272534104
3451,-0.36878671
3452,-0.079270744
3453,0.460835089
3454,-0.711579847
3455,-0.155493709
3456,-0.388657487
3457,-0.696072531
3458,0.646243438
3459,-0.992773019
3460,-0.398549598
3461,0.157065244
3462,-1.078636715
3463,0.97338588
3464,-0.689732812
3465,0.674482246
3466,-0.677525729
3467,-0.659493245
3468,-0.217899621
3469,0.738368885
3470,0.713952482
3471,0.340320266
3472,0.231491871
3473,-0.533449426
3474,-0.637071789
3475,-0.367075393
3476,0.177238516
3477,0.452753832
3478,-0.274421499
3479,-1.742638696
3480,-1.897921119
3481,0.363090833
3482,-0.457707702
3483,-1.46072404
3484,-0.093329272
3485,-0.329144389
3486,0.171206907
3487,-0.334551272
3488,-0.261723049
3489,1.561056169
3490,0.961210563
3491,-1.234551294
3492,0.066663309
3493,0.044171131
3494,-1.39963508
3495,-0.943050742
3496,0.051796542
3497,0.094032377
3498,-1.082568324
3499,-0.835409016
3500,-0.622893753
3501,-1.703736601
3502,-0.576720707
3503,0.404576849
3504,0.52978671
3505,0.032704074
3506,2.036099697
3507,-1.568568432
3508,0.068736095
3509,-0.965080711
3510,0.779921411
3511,0.571056495
3512,1.250441159
3513,0.011748765
3514,-1.192784796
3515,-1.243251879
3516,-0.177744031
3517,-1.375260168
3518,-0.494291731
3519,0.347703453
3520,0.680591427
3521,1.935030165
3522,-0.997869255
3523,1.835049766
3524,-3.818719723
3525,-0.314792527
3526,-0.17462546
3527,-2.37108168
3528,0.607352056
3529,-1.747172604
3530,1.227792039
3531,1.416997386
3532,1.089990668
3533,-1.356090354
3534,-1.794647574
3535,-1.000121549
3536,-0.331769302
3537,-0.258137058
3538,-0.636039508
3539,-0.08548263
3540,-0.820823998
3541,1.022203386
3542,0.338430617
3543,1.744355341
3544,-0.714444426
3545,-0.58745774
3546,0.1866927
3547,1.452438865
3548,-0.621768507
3549,-0.71397153
3550,0.287793416
3551,1.178604526
3552,1.839783557
3553,-0.91230355
3554,0.108606218
3555,1.284319425
3556,0.599346206
3557,0.583662998
3558,-0.35484701
3559,0.583415846
3560,-0.409315655
3561,0.967399967
3562,-1.205182795
3563,-0.072969097
3564,-0.072667356
3565,-0.084920752
3566,-2.514203026
3567,0.224152397
3568,0.770391922
3569,0.557359271
3570,-1.720702168
3571,-0.404180308
3572,0.877899271
3573,0.498159138
3574,-1.894907931
3575,-0.373513343
3576,-0.582580641
3577,0.146076003
3578,0.169145248
3579,-0.960615645
3580,-1.350952093
3581,0.644072033
3582,0.609413231
3583,-0.047817213
3584,1.199083858
3585,0.443355351
3586,-0.454654485
3587,-0.669041083
3588,-1.139446333
3589,-0.272991786
3590,-0.483780778
3591,-0.450700278
3592,-0.467743154
3593,0.364524646
3594,-1.523872421
3595,-0.670487679
3596,0.070695009
3597,0.166159266
3598,1.217086032
3599,-1.728497588
3600,1.029998418
3601,-0.968759339
3602,-0.715949689
3603,0.265672643
3604,0.722035342
3605,-0.36522444
3606,-0.585042085
3607,0.441145688
3608,-0.269393993
3609,0.144928939
3610,0.01544727
3611,0.518397094
3612,-1.620576339
3613,-1.161488538
3614,0.819974322
3615,-0.749136736
3616,-0.80291788
3617,0.46255913
3618,2.5161862
3619,-0.406809558
3620,0.947973874
3621,-0.601160539
3622,-0.801330608
3623,-0.888813855
3624,1.557703438
3625,-0.949217314
3626,-0.774264576
3627,0.256442976
3628,-0.766636544
3629,-0.383598685
3630,-0.28237132
3631,0.173597054
3632,-0.99297705
3633,1.369678997
3634,-0.553115796
3635,1.195006142
3636,0.918651403
3637,0.374977315
3638,0.614903811
3639,1.184198094
3640,-1.860194259
3641,0.08166981
3642,0.171280767
3643,0.148644087
3644,0.13898916
3645,2.026983731
3646,1.360755941
3647,0.235925106
3648,0.573371522
3649,-1.044674686
3650,-1.441289343
3651,-0.297987628
3652,0.670628799
3653,0.217852966
3654,2.935342323
3655,0.738081115
3656,-0.696476046
3657,1.42533328
3658,-1.029190998
3659,0.011882311
3660,-0.2762853
3661,-0.935891474
3662,-0.258805336
3663,-0.895842127
3664,-1.578526446
3665,-0.343422008
3666,0.722366506
3667,-1.026873104
3668,-0.197592255
3669,-0.403209132
3670,0.989248584
3671,0.408630688
3672,0.19745368
3673,0.796415192
3674,0.653706609
3675,-2.079132004
3676,0.023457409
3677,1.144745429
3678,-0.203080605
3679,-0.293047894
3680,0.515113119
3681,1.288191681
3682,-0.747805394
3683,1.151569161
3684,-0.34279901
3685,0.641554358
3686,1.978337129
3687,0.528375454
3688,-1.729177309
3689,-1.570266246
3690,-0.501768146
3691,-0.506974632
3692,-0.407452749
3693,0.949562959
3694,-0.082164994
3695,-0.577771805
3696,-0.030065247
3697,-0.177138907
3698,-0.776721836
3699,1.516187452
3700,0.727807737
3701,0.259777959
3702,0.258610893
3703,-1.188718665
3704,0.826497676
3705,-0.258784185
3706,-1.156184236
3707,-0.151064689
3708,-0.631888752
3709,1.542639371
3710,1.573172024
3711,-0.3710322
3712,0.262787683
3713,0.220758081
3714,-1.003158325
3715,-0.84673872
3716,2.062291088
3717,0.08287874
3718,-0.242969972
3719,-0.75826587
3720,0.756152671
3721,-0.548305607
3722,0.251977949
3723,0.120809629
3724,0.068772892
3725,-0.313493058
3726,0.146821379
3727,-1.352156832
3728,-0.293905968
3729,-0.020179295
3730,-1.444018285
3731,-1.341132344
3732,0.903940169
3733,1.745843175
3734,0.063601727
3735,-0.303606749
3736,0.541271544
3737,-0.508400607
3738,-1.161897945
3739,-0.590178019
3740,-1.010708866
3741,3.002665584
3742,-0.564196909
3743,-0.196230531
3744,-1.0774967
3745,-0.120188563
3746,0.400532924
3747,-0.38575469
3748,0.137059836
3749,0.699707697
3750,-0.873514422
3751,0.394442483
3752,-0.830861884
3753,0.421638663
3754,1.351868334
3755,-0.177575585
3756,0.155946673
3757,-1.133935951
3758,2.516483496
3759,0.530341147
3760,0.383175149
3761,0.781100891
3762,-0.236409492
3763,0.286797695
3764,0.25272073
3765,0.963939184
3766,0.261214079
3767,-0.284961421
3768,0.531627466
3769,-1.201872581
3770,-1.341174385
3771,-0.829427034
3772,-1.591483244
3773,0.310524264
3774,1.84622339
3775,-0.401546037
3776,-0.512767973
3777,0.599708919
3778,-0.486243427
3779,-0.325989128
3780,0.466247759
3781,-0.152312576
3782,-0.04844194
3783,-1.344267144
3784,-0.872662461
3785,0.255471725
3786,0.478369924
3787,-0.297334199
3788,2.261126156
3789,-0.600477867
3790,-0.264082509
3791,0.282057168
3792,-0.261941935
3793,-0.662064807
3794,-0.16237292
3795,0.273952503
3796,1.263982287
3797,-0.883205803
3798,0.263117409
3799,0.318053608
3800,1.196557502
3801,0.212540344
3802,1.505684541
3803,1.325700092
3804,0.873444994
3805,1.95650506
3806,0.997090249
3807,1.251069266
3808,-0.663809114
3809,-0.208727304
3810,-0.474917513
3811,-1.238052926
3812,-0.966625431
3813,-0.395761433
3814,-0.15524756
3815,-0.830038492
3816,0.040007293
3817,1.206540128
3818,0.238925272
3819,1.001180257
3820,-0.614565777
3821,-0.833689938
3822,-0.559707233
3823,1.90766909
3824,0.924870521
3825,-0.491601518
3826,-0.441416454
3827,0.988415384
3828,-0.134113614
3829,1.325085582
3830,0.312977884
3831,0.242064224
3832,-0.738719948
3833,1.043576367
3834,0.619597786
3835,0.541184666
3836,0.868979987
3837,-0.556310124
3838,-0.579601926
3839,0.208481172
3840,-1.071873321
3841,-0.462895376
3842,0.667421641
3843,-1.532797888
3844,-2.23749973
3845,0.273716539
3846,0.33635735
3847,0.099847065
3848,0.258797583
3849,-2.884686432
3850,1.329436922
3851,-1.384036964
3852,-1.423749871
3853,1.435580408
3854,0.002841483
3855,-0.965308027
3856,0.88027398
3857,-1.734921492
3858,-0.19402611
3859,1.56836124
3860,2.267526619
3861,0.424745321
3862,0.660152747
3863,0.797108097
3864,0.873635834
3865,-0.165354897
3866,-0.131249547
3867,0.015867627
3868,0.955856654
3869,0.429457617
3870,0.537048827
3871,-0.44079522
3872,1.251132709
3873,1.933088873
3874,-0.559900199
3875,-1.312155729
3876,0.834389793
3877,1.261304138
3878,-0.549514364
3879,-0.866374105
3880,1.484066501
3881,-0.28483696
3882,0.557481656
3883,-0.178878498
3884,0.255987136
3885,1.421377939
3886,0.34460281
3887,-0.520401306
3888,0.286809216
3889,0.131570115
3890,0.502458273
3891,-0.983009687
3892,-0.313391246
3893,-0.169921475
3894,0.531972064
3895,-0.874702008
3896,0.262227545
3897,-1.101969616
3898,-2.131801361
3899,0.358106439
3900,0.163321844
3901,-0.223357505
3902,0.182869049
3903,-1.199166391
3904,0.494080731
3905,1.15296772
3906,-0.762724195
3907,-1.053999005
3908,-0.953232813
3909,0.968052445
3910,-2.0821323
3911,0.664640566
3912,-0.41474073
3913,0.594454977
3914,0.602813036
3915,1.305285989
3916,-0.68232135
3917,-0.541917748
3918,1.047160812
3919,0.103412426
3920,-0.118286252
3921,-1.093379698
3922,-1.712304757
3923,-0.093354257
3924,0.351357203
3925,-0.196094561
3926,0.201516029
3927,1.335020245
3928,-0.242900756
3929,-1.031548775
3930,0.639946623
3931,-0.520778139
3932,-1.059978597
3933,-1.181785574
3934,-3.632297429
3935,1.015142547
3936,-0.96190154
3937,-0.854243442
3938,1.099329017
3939,-0.206675021
3940,-0.564827771
3941,0.555278101
3942,0.612102693
3943,-0.019601813
3944,-1.083622548
3945,-1.097361698
3946,1.555460956
3947,1.692843173
3948,1.022775186
3949,0.530732324
3950,0.821035571
3951,-2.327869917
3952,0.159964602
3953,2.604623462
3954,-0.338811194
3955,-0.059242582
3956,-1.89686403
3957,-0.733915824
3958,0.92261751
3959,-0.983405286
3960,-0.896285735
3961,-0.751448062
3962,0.641993951
3963,1.300760216
3964,-0.00850603
3965,0.322939691
3966,-0.328369723
3967,-1.361007011
3968,-0.022121387
3969,1.279382115
3970,2.02436336
3971,-0.090956777
3972,-0.39423099
3973,1.060496577
3974,0.113719586
3975,0.177167586
3976,-1.672960202
3977,1.406116069
3978,-0.958872015
3979,-0.308955912
3980,-0.450912385
3981,-0.280982911
3982,2.10455128
3983,0.565189372
3984,-0.136780695
3985,-0.725218447
3986,0.037929473
3987,-0.468668384
3988,-0.885941835
3989,0.529883602
3990,-0.013571843
3991,-0.418949843
3992,1.064194217
3993,0.222908177
3994,0.592569956
3995,0.285874046
3996,-1.363713277
3997,-1.21755605
3998,1.410292716
3999,-0.606275008
4000,0.234493783
4001,-1.468892807
4002,-0.916389897
4003,0.429124394
4004,-0.09396797
4005,0.315558192
4006,-0.840855054
4007,1.863484203
4008,0.059497912
4009,-0.727307626
4010,-0.389177083
4011,-0.970836458
4012,-0.471854318
4013,-0.997905663
4014,-2.039902491
4015,0.17842752
4016,-1.000578776
4017,-0.893506141
4018,0.442929515
4019,-1.059297012
4020,-0.582896165
4021,-0.630780196
4022,0.549146709
4023,-0.467856637
4024,-0.025433568
4025,-0.200373365
4026,0.249172102
4027,0.582175708
4028,-0.888608029
4029,0.953924225
4030,-0.287151996
4031,-0.531448985
4032,1.108203262
4033,-0.010128364
4034,-0.917326904
4035,0.136484402
4036,0.695652964
4037,0.009901307
4038,0.05935444
4039,1.103682707
4040,1.686844732
4041,2.839721979
4042,1.147382239
4043,-1.289211876
4044,0.436303825
4045,-0.886696773
4046,-0.595354851
4047,-0.902912816
4048,-0.912634393
4049,-0.154737397
4050,0.333982726
4051,0.01994111
4052,0.333052812
4053,0.226552889
4054,-2.091117609
4055,-1.348586003
4056,-0.123180705
4057,0.330080474
4058,0.948641585
4059,0.838979421
4060,-0.353869498
4061,-1.029281839
4062,2.528596725
4063,-0.065080128
4064,1.689355423
4065,0.323080299
4066,-1.235602272
4067,0.143646167
4068,-0.169807047
4069,0.796554735
4070,-0.524257127
4071,1.515589108
4072,-2.226826254
4073,0.710057426
4074,1.40878133
4075,-0.362976727
4076,2.213062122
4077,0.026526247
4078,0.225732646
4079,-0.272231734
4080,0.309092745
4081,-1.524208453
4082,-0.219888908
4083,0.202871926
4084,-0.496353499
4085,-1.407587285
4086,1.830685836
4087,-0.315988481
4088,1.558338391
4089,-0.843092266
4090,0.050120339
4091,1.760655649
4092,2.486744299
4093,-0.122433839
4094,0.182724207
4095,0.832257642
4096,-0.67863637
4097,-0.060690797
4098,2.115098766
4099,-0.143376978
4100,-1.2925843
4101,0.693358372
4102,0.43038493
4103,0.376526019
4104,0.708719994
4105,1.427543837
4106,0.591233649
4107,1.221169157
4108,0.553308239
4109,-0.691054968
4110,0.415455836
4111,-0.951936166
4112,-0.249427285
4113,-0.295191903
4114,0.673019198
4115,0.047196079
4116,0.340083067
4117,-0.727058202
4118,0.926200075
4119,1.248805051
4120,0.219690705
4121,-0.045567104
4122,-2.804855901
4123,-0.478513386
4124,-0.70220154
4125,-0.12070667
4126,-0.197830034
4127,0.154303786
4128,-1.196517129
4129,-1.289390787
4130,1.400177311
4131,0.034967974
4132,-0.345439295
4133,0.008352493
4134,1.538608032
4135,-0.064326791
4136,-0.091242968
4137,0.612305343
4138,-0.358926661
4139,-0.809150895
4140,0.907831324
4141,1.104504691
4142,-0.515802805
4143,-2.958185437
4144,-1.025088486
4145,0.440350965
4146,-0.515747376
4147,0.246150949
4148,1.113058664
4149,0.96550132
4150,-0.588506971
4151,-0.33615317
4152,-0.480288069
4153,0.178551762
4154,-0.253845016
4155,-0.226232131
4156,1.330759445
4157,0.820530487
4158,-0.042716137
4159,0.76838927
4160,-0.203055205
4161,-0.378631849
4162,0.573252992
4163,-0.679703285
4164,0.50314098
4165,-0.133932995
4166,-0.646841804
4167,-1.63106996
4168,-1.0300552
4169,-0.332112725
4170,-0.217986213
4171,-1.337950821
4172,0.094410079
4173,-0.274723731
4174,1.174108018
4175,-0.95495881
4176,-0.50333864
4177,0.1343249
4178,-1.500802216
4179,0.121703059
4180,-0.042395873
4181,1.314858561
4182,1.076052098
4183,0.062633023
4184,0.531582481
4185,-1.227645715
4186,-2.084053194
4187,-1.11626853
4188,-0.534007664
4189,-0.689127517
4190,0.352691028
4191,-1.034916503
4192,0.749921486
4193,-0.762561988
4194,-1.515001416
4195,-1.723037642
4196,0.350521763
4197,-1.674816143
4198,-0.231637426
4199,0.213055014
4200,-0.671695557
4201,-0.495966924
4202,-0.518253019
4203,0.180193461
4204,0.507256723
4205,-2.304576628
4206,0.385651955
4207,1.155954475
4208,-2.896224512
4209,-0.653975404
4210,0.342317524
4211,0.14933962
4212,-0.140012905
4213,-1.170761805
4214,0.165396116
4215,0.927037645
4216,0.977500328
4217,-0.931743831
4218,0.061773815
4219,-0.518445001
4220,2.475930253
4221,0.307963054
4222,-1.176710017
4223,1.485887218
4224,0.911975196
4225,0.872738333
4226,-0.80959612
4227,0.855663618
4228,-0.265741537
4229,-1.101917881
4230,0.847857332
4231,0.914275159
4232,0.428372238
4233,0.033066168
4234,0.566163772
4235,1.161160611
4236,0.40419828
4237,-0.066416386
4238,-0.241478817
4239,0.703693518
4240,-0.317669544
4241,-0.509165878
4242,1.346323586
4243,1.315526188
4244,0.038152852
4245,0.544847609
4246,-1.152623541
4247,0.227889166
4248,-0.423310537
4249,0.107272361
4250,0.011447191
4251,-0.436615105
4252,-0.942955179
4253,-0.828489885
4254,0.916204687
4255,0.035983938
4256,0.176363829
4257,0.31651698
4258,0.607931617
4259,1.86794551
4260,-0.680631164
4261,-1.617743156
4262,-0.343425909
4263,-0.443868462
4264,1.275560313
4265,-0.416808001
4266,0.027041427
4267,-0.780632556
4268,-1.528701772
4269,-0.678845191
4270,-2.380353004
4271,0.522361476
4272,-1.402754195
4273,-1.195904582
4274,-1.086133727
4275,0.373530829
4276,1.090115643
4277,-0.992040512
4278,0.761835688
4279,0.317659077
4280,0.072749727
4281,0.691003196
4282,0.273215084
4283,-1.427051273
4284,0.21121405
4285,1.110057805
4286,0.678955491
4287,-0.550639467
4288,1.178686328
4289,0.491322484
4290,0.029322121
4291,-0.208459786
4292,-0.196041857
4293,-0.512998172
4294,-1.581907284
4295,0.296332862
4296,-0.017900707
4297,-0.796468388
4298,-0.437403713
4299,0.218017511
4300,0.238540644
4301,1.054852064
4302,-1.94012491
4303,-1.688068968
4304,0.822996325
4305,-1.461387127
4306,-0.07545059
4307,1.616606046
4308,-0.640694734
4309,-1.244739757
4310,-1.494991693
4311,-0.583478377
4312,0.79083089
4313,-0.542106276
4314,-0.155487498
4315,0.653520895
4316,-0.592803353
4317,1.672187187
4318,-1.144259771
4319,0.071751676
4320,-1.947920496
4321,0.761114502
4322,-0.355320452
4323,0.421483403
4324,-0.387508883
4325,-0.994628237
4326,-0.975953386
4327,-0.651156709
4328,-0.410489763
4329,-1.457096042
4330,-0.714005467
4331,0.252253466
4332,-0.152641762
4333,-1.019934592
4334,1.010200488
4335,3.059310836
4336,1.073594779
4337,-0.727246777
4338,0.612449888
4339,0.429194288
4340,-0.073615862
4341,0.436922877
4342,0.18119559
4343,-0.349565778
4344,-0.740063294
4345,0.229000784
4346,1.121256376
4347,-1.057087179
4348,-1.544185922
4349,0.752518155
4350,1.875655561
4351,-0.818044484
4352,-1.013909464
4353,0.432232363
4354,-0.546354728
4355,0.207040525
4356,-1.106879342
4357,-0.576892362
4358,1.090653093
4359,0.554850218
4360,2.09782106
4361,-0.66960473
4362,0.708240038
4363,0.263312711
4364,-0.204577364
4365,-0.490281207
4366,-0.077020159
4367,2.720760553
4368,0.412783005
4369,-1.344888912
4370,0.407024957
4371,-0.345433771
4372,1.285412467
4373,0.386290731
4374,-0.857681157
4375,0.124116229
4376,-0.206404082
4377,-0.684402512
4378,0.528388369
4379,0.758849959
4380,0.548969107
4381,-0.7043363
4382,-0.514577105
4383,-0.958668007
4384,0.785007149
4385,2.235169909
4386,0.271209797
4387,-0.278199063
4388,-0.996566181
4389,-0.650299509
4390,1.599552915
4391,0.005772526
4392,-1.02503808
4393,-0.607840429
4394,2.094056379
4395,-1.494598132
4396,-0.809863137
4397,-1.92911249
4398,0.044102795
4399,-0.789927419
4400,-0.326113467
4401,-0.714386858
4402,1.323201987
4403,0.82505392
4404,-0.567879739
4405,1.454667853
4406,-0.234670555
4407,1.424043888
4408,-0.235583264
4409,0.734364991
4410,-1.104241762
4411,0.80119263
4412,-0.580063136
4413,0.981516363
4414,-0.722247095
4415,-0.512089553
4416,0.82017316
4417,0.090041258
4418,-1.091051988
4419,0.24674872
4420,-0.012529517
4421,0.483303939
4422,0.657130004
4423,1.25177047
4424,-0.53182461
4425,-0.807497895
4426,0.718700708
4427,-0.752772768
4428,0.365136617
4429,0.819451127
4430,1.175769798
4431,-1.682447294
4432,2.265299861
4433,1.533600419
4434,-1.114365084
4435,0.489132132
4436,-1.69794051
4437,1.360815092
4438,-0.614450126
4439,1.900178558
4440,-0.569627234
4441,0.574404932
4442,-2.068281524
4443,1.069443751
4444,-0.751665397
4445,-1.015508647
4446,-0.8205166
4447,-0.062088166
4448,-0.606404159
4449,1.210790826
4450,-0.232103949
4451,0.431349351
4452,-1.162659638
4453,-0.259736978
4454,-0.464697155
4455,0.17089203
4456,-0.003243904
4457,2.171026706
4458,0.916891109
4459,-0.291310421
4460,-0.718395983
4461,0.521421176
4462,1.478190353
4463,-0.663502517
4464,0.382501596
4465,0.415552974
4466,1.389528841
4467,-0.433496937
4468,-0.349084856
4469,-0.434725536
4470,0.434024422
4471,0.018902292
4472,0.845865263
4473,1.564330773
4474,1.455664761
4475,-1.112993206
4476,1.889478934
4477,-1.615061759
4478,-0.00078664
4479,1.248274197
4480,-0.443365443
4481,-1.083470555
4482,-0.585358898
4483,-1.516269113
4484,0.238383379
4485,-0.452030631
4486,-0.386606317
4487,-1.689364987
4488,-0.750702767
4489,0.619176123
4490,-1.715060974
4491,-0.006534714
4492,-0.977742878
4493,0.766172417
4494,-0.330600601
4495,0.756680881
4496,0.817696982
4497,-0.15625028
4498,-0.217572165
4499,-0.131410814
4500,-0.002834943
4501,-0.463811964
4502,-0.207862998
4503,0.556970775
4504,-0.148012567
4505,1.200883729
4506,-1.155712617
4507,-0.343448337
4508,0.85976467
4509,0.264916275
4510,-0.854302699
4511,-0.348599381
4512,-0.920744901
4513,0.485794075
4514,-0.727149784
4515,-0.924559636
4516,0.595070771
4517,-0.07158851
4518,-0.134120614
4519,-0.609133625
4520,-0.558469476
4521,-1.518670939
4522,1.11875262
4523,-0.813883231
4524,0.454530485
4525,0.09448644
4526,-0.345205291
4527,-0.440779364
4528,1.79076451
4529,1.713326971
4530,0.93641703
4531,0.735199974
4532,-0.066448451
4533,-0.846219365
4534,0.285679522
4535,-1.340592518
4536,0.454552751
4537,-1.428403671
4538,0.045296729
4539,-1.266655825
4540,-0.131958514
4541,-0.420894562
4542,0.537385986
4543,0.333460986
4544,-1.880353108
4545,1.435950602
4546,0.423345502
4547,-0.107910025
4548,-0.192382939
4549,0.369697371
4550,1.06183952
4551,1.135419431
4552,-0.472309509
4553,1.783601748
4554,-1.518224285
4555,0.143666278
4556,-1.97318431
4557,0.600436778
4558,1.653629005
4559,1.094898635
4560,2.639160345
4561,0.675631518
4562,0.757795262
4563,0.878518651
4564,-0.474596943
4565,1.166952286
4566,-0.387836967
4567,-1.860958125
4568,2.758941572
4569,0.653628667
4570,-0.517090541
4571,-0.796913312
4572,-0.331405544
4573,-0.440606367
4574,2.438618997
4575,0.270142128
4576,-0.940678163
4577,-0.423163273
4578,1.296764157
4579,-0.573865253
4580,0.194953879
4581,-0.590269253
4582,-1.12837472
4583,-0.425956035
4584,0.150016569
4585,-0.353402548
4586,1.373546781
4587,0.732937457
4588,0.328342073
4589,1.249896368
4590,-0.833384312
4591,-1.676433369
4592,-0.620775132
4593,-0.6463522
4594,-0.169815375
4595,1.137772527
4596,0.697456294
4597,-0.770201636
4598,-0.345620179
4599,-0.083620855
4600,-0.734740468
4601,0.608858954
4602,0.295120409
4603,0.394853521
4604,-2.085794807
4605,0.32759275
4606,0.291905904
4607,0.831392368
4608,-0.973197149
4609,1.051953961
4610,-1.245763613
4611,1.424378581
4612,2.056116208
4613,-0.031314213
4614,-0.362330793
4615,-0.731287941
4616,0.183327081
4617,-0.120210205
4618,-0.384914199
4619,-1.133945548
4620,1.03391439
4621,-0.796880762
4622,0.013945665
4623,-1.175607902
4624,-1.078814726
4625,-0.136327304
4626,-1.539860518
4627,1.074814529
4628,-0.494142709
4629,-0.112974588
4630,0.561175685
4631,0.413660787
4632,-0.14911721
4633,-0.855124657
4634,0.780421396
4635,-1.191534247
4636,0.043627704
4637,0.212014904
4638,-0.279887146
4639,-0.234569751
4640,-0.275912515
4641,-0.068747098
4642,-1.105657006
4643,0.620945624
4644,3.372103928
4645,-0.456807652
4646,-0.269443505
4647,-1.127603435
4648,1.042489955
4649,0.794025984
4650,-0.114260873
4651,0.216406021
4652,0.466206559
4653,-1.224117086
4654,-0.88619175
4655,0.463069822
4656,0.371825437
4657,-1.40046577
4658,-0.964628392
4659,-0.922633026
4660,0.022622322
4661,-1.842375238
4662,1.197156563
4663,-0.061885445
4664,-0.572154558
4665,-0.544511834
4666,0.225718738
4667,1.330080753
4668,1.639549234
4669,1.412299453
4670,-0.318633822
4671,-0.562301051
4672,-1.296727177
4673,-0.14188717
4674,-0.421338899
4675,-0.99349591
4676,0.555936204
4677,-0.523250754
4678,-0.37511716
4679,1.722283417
4680,0.004653399
4681,0.632744249
4682,0.042671159
4683,1.627349123
4684,0.249606852
4685,-0.817447119
4686,-1.515963906
4687,0.553099242
4688,-0.516097095
4689,0.114194248
4690,-0.334439649
4691,-1.256343842
4692,0.1577334
4693,-0.27799914
4694,-0.304364045
4695,-1.219008508
4696,-0.275768952
4697,0.486299472
4698,-0.036004503
4699,-0.348387691
4700,2.544288573
4701,-0.252895503
4702,1.009318959
4703,-1.182737716
4704,-0.380315212
4705,-0.985928894
4706,-1.109016663
4707,1.410635927
4708,0.765367547
4709,1.162444712
4710,-0.454258606
4711,0.68057294
4712,1.692357174
4713,-3.229784493
4714,1.169775981
4715,0.706881263
4716,-0.931803676
4717,0.127798616
4718,0.98057554
4719,-2.080550948
4720,-0.874417392
4721,0.495239439
4722,-0.713560831
4723,-0.668105967
4724,-0.353446147
4725,-0.093338531
4726,-0.723023925
4727,-0.466671581
4728,-0.53616593
4729,2.406867022
4730,0.451580134
4731,0.0025178
4732,-0.234956787
4733,0.070446558
4734,-0.19945287
4735,2.399537586
4736,0.210657517
4737,-1.294444095
4738,-0.00393547
4739,0.475184197
4740,1.166334189
4741,1.168684973
4742,-1.795671769
4743,-0.618198781
4744,-0.61483274
4745,0.038868901
4746,0.055260887
4747,-0.478733392
4748,0.198835258
4749,0.828336472
4750,-0.833064655
4751,-1.369133896
4752,1.051751109
4753,-0.882778644
4754,1.637971368
4755,0.03381662
4756,0.461300224
4757,-1.173018141
4758,0.792422093
4759,0.057045136
4760,0.608277696
4761,0.832729747
4762,0.437616563
4763,0.992631535
4764,-0.127923093
4765,-1.276851389
4766,1.195991328
4767,0.184116426
4768,-0.109194489
4769,0.103100128
4770,0.020071834
4771,-1.716474347
4772,-0.94615454
4773,0.57682384
4774,-1.237874384
4775,0.920642498
4776,0.765634732
4777,-0.159445309
4778,0.722419044
4779,0.25972695
4780,-0.515107662
4781,-0.613282354
4782,-0.968257375
4783,0.875543735
4784,0.701144036
4785,-1.600338623
4786,0.059896206
4787,-0.896292504
4788,0.915027796
4789,0.093335616
4790,-0.912529781
4791,-1.519992378
4792,-2.848294518
4793,-0.765936325
4794,-0.795256569
4795,-1.108993514
4796,0.663209325
4797,-0.289790468
4798,0.025046539
4799,0.49235926
4800,-0.252083002
4801,0.427402969
4802,1.518784406
4803,-1.682549373
4804,-0.890195102
4805,-0.425011069
4806,-0.321272215
4807,-0.508996849
4808,-0.096350898
4809,0.414146635
4810,-1.382719454
4811,0.043955889
4812,-0.22212485
4813,0.879167573
4814,-0.061126007
4815,1.544846215
4816,0.197307192
4817,-1.82459432
4818,-0.961053048
4819,1.265445122
4820,-0.152278428
4821,-1.470328961
4822,0.267341613
4823,0.627987879
4824,0.974718163
4825,-2.1993509
4826,-0.986821359
4827,-0.52852359
4828,0.486288121
4829,-0.047148237
4830,1.515221145
4831,0.669903412
4832,-1.446367309
4833,-0.525431631
4834,-0.102918795
4835,-1.434473458
4836,0.614888169
4837,0.028728103
4838,0.171451273
4839,-0.136344876
4840,-1.211961948
4841,-0.9641082
4842,1.008641511
4843,1.671904615
4844,-0.043257403
4845,0.249019536
4846,-1.490382097
4847,-1.823655802
4848,-0.537354405
4849,-0.313691021
4850,-0.747614384
4851,-0.037932013
4852,-0.139856672
4853,0.186167015
4854,0.693437054
4855,1.292674018
4856,1.396022652
4857,-0.954546487
4858,-1.333364759
4859,-0.519413116
4860,-1.070198933
4861,0.627478971
4862,-1.452843882
4863,-0.133259412
4864,0.340455339
4865,0.30724192
4866,-0.972615901
4867,0.543748708
4868,-0.539031739
4869,-1.167363926
4870,0.361917008
4871,-1.27260043
4872,0.740522875
4873,-0.591949575
4874,-0.392836318
4875,-1.660944491
4876,-0.362586635
4877,-0.079696018
4878,0.725234114
4879,-0.324354902
4880,0.103063318
4881,0.214727111
4882,-0.012605624
4883,-0.726115864
4884,0.625670107
4885,-0.69030816
4886,-0.198806432
4887,-0.356018607
4888,-0.213887809
4889,-0.382534768
4890,0.69164982
4891,1.614452708
4892,-0.213809339
4893,0.206614861
4894,0.469359522
4895,0.753992846
4896,-0.200381228
4897,0.16699973
4898,0.87538298
4899,0.959849204
4900,-0.294664496
4901,-0.434596308
4902,1.848358787
4903,1.432211766
4904,0.572757547
4905,0.511650056
4906,-0.152766349
4907,-0.631259174
4908,0.290869446
4909,1.085197505
4910,-0.598154507
4911,0.680216736
4912,-1.752185467
4913,2.633328086
4914,-0.553413753
4915,0.449062289
4916,-0.847941052
4917,-1.480128312
4918,0.741740909
4919,0.406315676
4920,-0.399850659
4921,-1.052757816
4922,0.621795525
4923,1.005614535
4924,1.05606166
4925,1.616016074
4926,-0.417177444
4927,0.514387201
4928,1.338723822
4929,-1.388065705
4930,0.401924067
4931,-0.744155213
4932,-0.306477068
4933,0.783414399
4934,-0.134949966
4935,-0.75840279
4936,1.369063084
4937,0.586954318
4938,-0.673859861
4939,0.893417406
4940,-0.350394739
4941,-0.520291211
4942,1.568902044
4943,0.015205535
4944,0.791589746
4945,0.011043195
4946,-0.312394513
4947,-0.218679818
4948,-0.432859488
4949,-1.271989448
4950,0.534023885
4951,-0.078612845
4952,0.18284741
4953,-0.709592668
4954,-0.229747086
4955,-1.230249728
4956,0.234455227
4957,-0.162434823
4958,-0.878521738
4959,0.399848818
4960,1.427591353
4961,-0.384124983
4962,0.831650664
4963,-1.491132052
4964,0.287631758
4965,0.413664081
4966,0.184334527
4967,-0.150823289
4968,0.903236432
4969,-0.527660944
4970,1.206228415
4971,0.531790108
4972,0.137608559
4973,-1.586801247
4974,0.498268581
4975,0.385887141
4976,0.195383933
4977,-0.202998674
4978,-0.64363267
4979,-0.493072485
4980,-0.051684941
4981,1.271269166
4982,0.773747722
4983,-0.796443902
4984,2.072194858
4985,0.122351022
4986,0.822239459
4987,-0.300984369
4988,0.227784152
4989,-0.539539852
4990,-0.444335332
4991,0.168927214
4992,-0.67685384
4993,0.812789255
4994,-2.379151466
4995,0.525129814
4996,0.220041944
4997,0.040019902
4998,-0.128071991
4999,0.59908896
5000,-1.028621133
