"","f.obj1","f.obj2"
"1",0.0206014437145645,0.0417204538225441
"2",0.00182215542685122,0.00183893094042419
"3",0.21676824204153,0.161958397646968
"4",0.0285498646899662,0.0325620289879948
"5",0.0825106337147118,0.158041279601262
"6",0.00457760031412984,0.00468210966016879
"7",0.0266468637113462,0.0426789906637411
"8",0.232569707591006,0.167072389052308
"9",0.0185780031883762,0.0164515146486727
"10",0.0229623340226177,0.0295263606280071
"11",0.002109606940612,0.0020738793418492
"12",0.0772915600941614,0.137214716397885
"13",0.0143641800317073,0.0523099377993376
"14",1.90324809319848e-05,1.90125228907978e-05
"15",0.0990478668539125,0.0460901915409933
"16",0.0131112882276949,0.0163571790760055
"17",0.372166105189492,0.108155907745175
"18",0.0346043260743765,0.0534118090664967
"19",0.00940166074078701,0.00937431128785848
"20",0.0516405752994088,0.0360804893025147
"21",0.134568429420895,0.0514298825064358
"22",0.0544339193148301,0.150208929357388
"23",0.074305290249957,0.0413327480517538
"24",0.208197967764164,0.0371405175336989
"25",0.139228413118407,0.198422316912113
"26",1.46868956872679e-05,1.46642983485261e-05
"27",0.0174252315925089,0.0393103020849114
"28",0.0120771062821773,0.0138280773668731
"29",0.157194160565169,0.434312211598682
"30",0.00633769544007103,0.00627291881017257
"31",0.0723324873368237,0.0512433307758949
"32",0.350575616862232,0.423269255712015
"33",0.0102645263901365,0.0110342939790064
"34",0.0099686265401431,0.000739356341406128
"35",0.487577435360301,0.224551548109012
"36",0.00156706617583089,0.00155018895907261
"37",0.037614156267461,0.0839477121751024
"38",0.129526500534015,0.101502501094582
"39",0.0365457480713381,0.101487587488299
"40",0.0404215744871865,0.132018818179347
"41",0.0021739283091092,0.0100930329922107
"42",0.0306473627582448,0.0800406053336269
"43",0.00645366673597329,0.0299345625123061
"44",0.0556325076390307,0.03648834460078
"45",0.00129947291685043,4.8130783134098e-05
"46",6.47162652345111e-06,6.46732098939083e-06
"47",0.0603021681331527,0.0186463962899631
"48",0.010916274373549,0.0114294503258247
"49",0.0102655203959539,0.00857148781492513
"50",0.0116539700992583,0.0338646169406011
"51",0.348139001015687,0.167691357713625
"52",0.0135360003908682,0.0153597229258316
"53",0.0111758402640367,0.0115841471528623
"54",0.00210695655185998,0.00211969120766523
"55",4.56211746668031e-05,4.5532754783144e-05
"56",0.00857348337188547,0.0226802813854435
"57",0.284357158763007,0.377973843203737
"58",0.444320122965309,0.437281655153488
"59",0.00135837255164121,0.00133435664090891
"60",8.7328165091287e-07,8.73189119247133e-07
"61",0.0118802629267623,0.0534999264830642
"62",0.136498980804589,0.0764574470655984
"63",0.529303848650056,0.260601650429527
"64",0.0138712418979168,0.0128508803821607
"65",0.0810113908928805,0.0374386608167296
"66",0.113215464357178,0.339262280671534
"67",0.0732274004551559,0.0106953240812096
"68",0.00470443887700125,0.00451997266786985
"69",0.00168257443587034,0.00166233714881005
"70",0.0795495956528839,0.0868616577140603
"71",0.04450568014514,0.101393659791706
"72",0.168144240952715,0.108464504444202
"73",0.00435263433466261,0.000229245415041137
"74",0.0213332301923435,0.0231627997173757
"75",0.0125999176968812,0.0140311715487087
"76",0.0207955375238863,0.00695029246839636
"77",0.281809525830132,0.0633746826513037
"78",0.0348021936419557,0.0173878322461824
"79",0.104967759798892,0.113105401182882
"80",0.212865093374833,0.0580827010705352
"81",0.000846326114072136,0.000842212819497893
"82",0.0432239486612721,0.125739005373524
"83",0.000566182971145564,0.000566851545050507
"84",0.0132273911578398,0.0128526169303034
"85",0.176722758304903,0.113723611388376
"86",0.646496006392732,0.30209664977022
"87",0.144840208659626,0.0369697965525241
"88",0.0862634071780899,0.173043183163094
"89",0.0303332790084827,0.0133815436917575
"90",0.0372552159141913,0.0639051287511062
"91",0.0594916624288749,0.142516710289982
"92",0.0226858753969152,0.0171885463538643
"93",0.029839113126643,0.0272291098172029
"94",0.16363254562132,0.344792074775077
"95",0.00247700231248143,0.000136492306070705
"96",0.265716854333002,0.128062897735796
"97",0.00235585213184716,0.0023504736337397
"98",0.256955029902732,0.531589392990254
"99",0.00981341031284064,0.0101103180502217
"100",0.548160698861404,0.430691223382449
"101",0.0175568085520263,0.0194703225001646
"102",0.0692063634955819,0.0529757947217697
"103",0.060737386428606,0.0324428202108262
"104",0.0124812563613514,0.0561006291542738
"105",0.0312397627595871,0.0256172621161159
"106",0.0831751729301374,0.0922298445213729
"107",0.00107345757694257,0.00105729558235294
"108",0.120976091921935,0.133729181865144
"109",0.0686784894061433,0.0731643834727825
"110",0.00886770672757761,0.00965542641733924
"111",0.00283624447854912,0.0132543410965127
"112",0.0217962632616272,0.0292537584318867
"113",0.171682057326148,0.239559779445869
"114",0.357040984105153,0.0643656339993624
"115",0.343123255986628,0.051027455012545
"116",0.143344168058644,0.0419970172219834
"117",0.0889193704548056,0.173729469294869
"118",0.10898948158693,0.0118932323273996
"119",0.0617614696180076,0.00510807654598666
"120",0.172974927635921,0.462309478751608
"121",0.00935467067564259,0.0104883275523825
"122",0.197259716588097,0.0782333848720081
"123",0.0219161045985982,0.0330077992757089
"124",0.413677125720556,0.216822392043257
"125",0.0102530969794185,0.0107715016270014
"126",0.127617331304409,0.0684146667591808
"127",0.243944522724779,0.248329382325367
"128",0.181422946764323,0.206027574066931
"129",0.00115628635634065,0.00516382983660161
"130",0.109865290218336,0.132770609688916
"131",0.00125275548312726,0.00584819080861244
"132",0.416236921889777,0.268444388395063
"133",0.0722864483137962,0.0771758222778923
"134",0.27842439617327,0.149057045584826
"135",0.22933209621829,0.0681263344322964
"136",0.0577301772060302,0.24468955331638
"137",0.135350591635743,0.361050213358058
"138",0.126705487967859,0.0613234664669805
"139",0.28961600394569,0.319473714385762
"140",0.0480604437108259,0.0342432618922459
"141",0.00266005648599286,0.000165207778773271
"142",0.00080374374056649,0.000802466908474332
"143",0.000145574217285109,0.000145396283480573
"144",0.0521416293186991,0.0522284990971805
"145",0.0184052182073241,0.0206002019767628
"146",0.00935253591411651,0.0298533398783244
"147",0.245994825888044,0.225481836432705
"148",3.23537282059519e-05,3.2347961219803e-05
"149",0.00502841398730833,0.0045962829393132
"150",0.263190406770168,0.167607704737001
"151",0.0327722981479296,0.00362096729171761
"152",0.00407951935639212,0.000380145167148867
"153",0.00208893511502511,0.00812270483982016
"154",0.00722476373399028,0.00050744864834586
"155",0.166415830048359,0.122011830665492
"156",0.00070334221588917,0.00368830633794061
"157",0.0750449284144559,0.167502344231546
"158",0.000355648179807197,0.000354249728720851
"159",0.0181802815987677,0.0269238559439422
"160",0.132330748555115,0.0344793577697334
"161",0.00210655883077518,0.00205284725861131
"162",0.0806662492855849,0.0229247658592562
"163",0.348631674217318,0.0522081002017762
"164",0.0458891816368624,0.0500065884494023
"165",0.0883244843110478,0.0612809396319714
"166",0.0303863399308561,0.00342634000474002
"167",0.0429606040540348,0.0969170990898607
"168",0.00766074555313529,0.0389962029589439
"169",0.0673073833324407,0.115956351619199
"170",0.0772945835091757,0.045809601357383
"171",0.0417572383516848,0.0470928146248061
"172",0.0230132153088342,0.00965321947893054
"173",0.0402583540351454,0.0284182254800757
"174",0.0222359999660836,0.0636279929662616
"175",0.432017348838986,0.454865556317264
"176",0.0391112702117799,0.0447037096352911
"177",0.00355221043804053,0.0035031790675412
"178",0.00288087790412981,0.00283892573081518
"179",0.02770446816855,0.0378581857821569
"180",0.062556645288958,0.202036374785811
"181",0.0569075025331823,0.0310138765023991
"182",0.0302190585543417,0.00173351353666694
"183",0.00143010896103133,0.00619745049241808
"184",0.00414672100629111,0.00417887556861747
"185",0.016133706954365,0.0173711834213249
"186",0.00980764719662366,0.0110303961719614
"187",0.258200503539223,0.0639031230971003
"188",0.00667679223909202,0.00694585407882212
"189",0.203059942230677,0.0395056426992223
"190",0.100420505967875,0.248991079868219
"191",0.0377850038811772,0.0374416760116053
"192",0.000109502874855641,0.000109461935862208
"193",0.303085267550167,0.0700586850642468
"194",0.219038506017351,0.106273195367318
"195",0.496222649229004,0.147943225863027
"196",0.00109591613460649,0.00107497443956856
"197",0.000514676533846541,0.000511457974003167
"198",0.0137270207016666,0.0141592721698589
"199",0.0153646586196245,0.00370654881756015
"200",0.033596868085804,0.0394328403587235
"201",4.37410319731657e-06,4.37381420296323e-06
"202",0.0146006712715161,0.0113296350307946
"203",0.046379247755493,0.0509004512339865
"204",0.0678047163731293,0.208332039205383
"205",0.02655353154258,0.0237536342371037
"206",0.268783833514,0.466998942847744
"207",0.00093158157903406,0.000932898544929602
"208",0.0022891034547249,0.00229828044659394
"209",0.00232866955509308,0.010750325350575
"210",0.00241831708702276,0.00233820311684058
"211",0.0569857681692338,0.248551006756105
"212",0.0318150592115161,0.0809807570445703
"213",0.0183023560066866,0.0210235323551314
"214",0.0242887528707233,0.0489194293504552
"215",0.224992503726565,0.501908489888296
"216",0.0953520088614342,0.306633996692191
"217",0.0368730093148035,0.0222206317543898
"218",0.00876444864421998,0.0418907852445077
"219",0.0470064718184885,0.112412616878523
"220",0.267983945950931,0.286460116747239
"221",0.0640248028331767,0.0151621753969356
"222",0.062320248066035,0.0486101640767154
"223",0.0212042578892596,0.0203211085763737
"224",0.059352416982695,0.0122618197821093
"225",0.116828332191039,0.0606906307382454
"226",0.0295094640292476,0.0920775315821026
"227",0.0233055824677664,0.0243029603438481
"228",0.0661738442965409,0.0988066344044447
"229",0.00964362213246688,0.00910431842419571
"230",0.0501132146742198,0.168269874223151
"231",0.240461885904599,0.14432175543808
"232",0.0777943565480463,0.0232482993471327
"233",0.0277632705292338,0.0237100770218986
"234",0.00228368275295378,0.00223632969096375
"235",0.254148979853164,0.0333112926329879
"236",0.0375628619721406,0.0469276305544406
"237",0.04640867690429,0.117264618622874
"238",0.0177917352328229,0.0365535961144208
"239",0.441985354925611,0.151339783034416
"240",0.230738405390488,0.141245562342088
"241",0.0319888648082665,0.0646882152268027
"242",0.0197656576760487,0.0190973707269182
"243",0.0185828342391348,0.0149406209949831
"244",0.113874437662842,0.243745490769725
"245",0.0206369636863078,0.0270022083116149
"246",0.0278960964993953,0.046850744754826
"247",0.0107549090617175,0.0103652208473385
"248",0.0409531778071883,0.0136338348799668
"249",5.84731020003688e-05,5.84035407388551e-05
"250",0.0358138237687261,0.0475009058394161
"251",0.0150721888740987,0.0540603489007567
"252",0.117853502830061,0.147422431073133
"253",0.00681287131986082,0.00688673002144445
"254",0.0557774284985604,0.0650279839530901
"255",0.232818586841841,0.425220150602879
"256",0.126315412612038,0.033243422019083
"257",0.197720188087279,0.194685213919384
"258",0.0364605737717507,0.0228484406293843
"259",0.146856016387954,0.112683366832202
"260",0.0105324388739951,0.0335430890869912
"261",0.0214402052353333,0.0292730137810021
"262",0.0793262904674549,0.138357192552449
"263",0.033572503154057,0.0325138789352822
"264",0.00487999337528763,0.0049944004269283
"265",0.0942999935261859,0.0182678670241436
"266",0.0985110967022555,0.103106472987517
"267",0.0234418422238742,0.0236356534930076
"268",0.0451123619012036,0.0134045041666623
"269",0.0874803521065552,0.0411043301231141
"270",0.0434886802771108,0.120331991024236
"271",0.226974504244288,0.239054838414813
"272",0.082180862797107,0.0142634606738096
"273",0.00183780891064709,0.00853797732763354
"274",0.00509142512847209,0.0255873619027368
"275",0.0298979826296183,0.0227523373694262
"276",0.0347864357199095,0.0307172094169752
"277",0.0169037982493928,0.00300637332379577
"278",0.190680331051318,0.164916162662175
"279",0.357457894380103,0.125416041162588
"280",0.0400831571550837,0.0223928095969289
"281",0.00876227292041961,0.0333322273420321
"282",0.00543556577317829,0.00533697837454913
"283",0.01383904741928,0.0376079794728193
"284",0.343847276590911,0.08720562404671
"285",0.0589119690437717,0.13654477103989
"286",0.334367363717826,0.320570747060776
"287",0.137115582576888,0.0179988559510738
"288",0.00421317499169086,0.00399750079258011
"289",0.0110894478347702,0.0413495563959879
"290",0.073567519662607,0.122971298906981
"291",0.0354031398207035,0.0331031281498612
"292",0.0134822387059724,0.0349056039235426
"293",0.0388857747086707,0.00284099827222255
"294",0.040515290960073,0.0541330896888277
"295",0.021233456899217,0.037744998418225
"296",0.0955325881203063,0.114944832438252
"297",0.082034374200694,0.14447037337281
"298",0.000887718266847784,0.00476790446056077
"299",0.0833788357455419,0.0976146136748034
"300",0.0725612737071957,0.0794154913896521
"301",0.0158263729736386,0.0323438447645062
"302",0.0478711867311011,0.0357639553026731
"303",0.15022539370172,0.14282217786583
"304",0.00802016323890642,0.00821249514328973
"305",0.00499533864882245,0.0177178880803814
"306",0.0615622867959488,0.191039377433988
"307",0.0154401590354026,0.0760867434417066
"308",0.037323109772256,0.0392336516207483
"309",0.0100872648345328,0.0212200719585306
"310",0.00252332001156002,0.00249897967975375
"311",0.0957460375216208,0.047998440987678
"312",0.0358267526582072,0.0413586357157629
"313",0.0387138516901057,0.0892946321416516
"314",0.0514510575120139,0.082782955190769
"315",0.00176743997672197,0.00174513295842951
"316",0.00276712956834195,0.0147125808266849
"317",0.266926241678271,0.288580533921849
"318",0.246702689554851,0.336053714784464
"319",0.0271664059821196,0.0126132115981369
"320",0.047730451778466,0.00456179145598618
"321",0.139143381600793,0.075119073537081
"322",0.0629688498972907,0.0559298899131871
"323",0.000225509580350912,0.000225242208912036
"324",0.0446187647195303,0.0326177129874565
"325",0.0310012502030456,0.0625225010496018
"326",0.224572085015264,0.283896288927284
"327",0.0632294336651431,0.0609092481530214
"328",0.0582134733741777,0.0663888398998349
"329",0.0899289205982763,0.28891608847572
"330",0.074420496674098,0.0658243886493954
"331",0.182646180449826,0.309308203537003
"332",0.0457995703911722,0.0128926327146197
"333",0.0186734956151257,0.0211615210229412
"334",0.0520300043398846,0.177996139517579
"335",0.0509242798968012,0.0450073836883463
"336",0.0113991324099901,0.0332049836020593
"337",0.0274055187536718,0.023143096309014
"338",0.0708352559450667,0.106923197759891
"339",0.0534451228453989,0.0282828005590488
"340",0.0214174432208952,0.00222812552566591
"341",0.0412828598088739,0.0310367994172008
"342",0.0801275280417658,0.0531263793034936
"343",0.00128083444028447,0.00129428288003742
"344",0.06420767791685,0.0729256664044311
"345",0.0504387112590116,0.0395843646141392
"346",0.329446587332418,0.0811849395006838
"347",0.0691706330818449,0.146073796533195
"348",0.0752079733313862,0.283321529554643
"349",0.0199810854078022,0.0627870141931366
"350",0.00396398107753225,0.0156018003463284
"351",0.279299993070873,0.0360827379324191
"352",0.0534286403070439,0.0564170632542516
"353",0.0270790611854204,0.0121481883293007
"354",0.0302381622061318,0.0213943090344245
"355",0.00192835021070881,7.96753414260729e-05
"356",0.00875127309434084,0.00942815858921206
"357",0.00129420551972839,0.00660272430194976
"358",0.0700599205402997,0.053606891318532
"359",0.0135194601861481,0.0140390213844636
"360",0.0646048699374695,0.0350855764728682
"361",0.165966756428761,0.0430052691192166
"362",0.143867045669024,0.172987899744989
"363",0.0569916433793124,0.0910180245485641
"364",0.0102108173171631,0.0014234278241959
"365",0.000299322075039663,0.000297685605340711
"366",0.0934201541793568,0.165436492049074
"367",0.0265830594363631,0.00435245111392227
"368",0.0237530598459646,0.0554010334703831
"369",0.010971064537872,0.0122816706766396
"370",0.0274264858706789,0.0760818782613991
"371",0.0335594366938279,0.00252401945735569
"372",0.0364966910428402,0.0716170999146629
"373",0.453845281343481,0.405736691609432
"374",0.00289874996560645,0.00274946586521559
"375",0.343099678049216,0.119714078738978
"376",0.000248757877964002,0.000248430958276476
"377",0.156647436124896,0.178220107615144
"378",0.0130213273448128,0.0123987370689751
"379",0.213700331914065,0.0618870006615939
"380",0.0951997522913343,0.0803097472015522
"381",0.0553476534763938,0.0267581072837767
"382",0.0706939908132837,0.0104245736589172
"383",0.0511365729280543,0.0624066220512076
"384",0.0349834031417183,0.0047999333678858
"385",0.00597764950257553,0.00611704126702006
"386",0.285863995097784,0.0574691046156055
"387",0.00498888849258474,0.00487199096044431
"388",0.105333643721459,0.0158823588830773
"389",0.049631621306941,0.188734256186561
"390",0.0595448406677083,0.0602186875817693
"391",0.0318791615843093,0.0330644915070021
"392",0.0772812331594611,0.00693558578433945
"393",0.164437132816273,0.144885657341234
"394",0.0455848076853399,0.0809225493293719
"395",0.0474073669935022,0.0203765836876014
"396",0.632358157814816,0.263590785235379
"397",0.00163497571474109,0.00793471398509265
"398",0.0140746826897342,0.0144747116779804
"399",0.0161367600886881,0.042161980381091
"400",0.0466335117382888,0.0382218130650845
"401",0.128274021461999,0.106478889499861
"402",0.128351494701542,0.20568049445498
"403",0.000349690273288075,0.000348056934791101
"404",0.103670233050297,0.157145416561942
"405",0.0235748533523055,0.0861491680867506
"406",0.00729554996389322,0.00764683511250484
"407",0.0663570656245431,0.0643915282903947
"408",0.0198354298587283,0.0080195846191692
"409",0.0120763575426281,0.0114786889644542
"410",0.0422154815727144,0.138634752532354
"411",0.0504691667782015,0.035771087942225
"412",0.0707992498651789,0.271944658636867
"413",0.0607615026149353,0.0617532682980361
"414",0.00286475712958596,0.0126308071123367
"415",0.0107519019815188,0.0365432255088362
"416",0.00147376612164374,0.00143815569466617
"417",0.00197624215501795,0.00779533060429519
"418",0.00319124875012123,0.00316386466887386
"419",0.00706774209438228,0.000417447868851792
"420",0.107140253565075,0.145574429621208
"421",0.0892548522584211,0.121569469183383
"422",0.165585517948085,0.0201279161024013
"423",0.0336792414146214,0.0356367461587936
"424",0.0550996720553531,0.0686869700146938
"425",0.198653095233166,0.174177041991789
"426",0.380226374912738,0.130795062835368
"427",0.135769213910077,0.112555584348334
"428",0.0361409177083436,0.0232864388629551
"429",0.507174286873538,0.184651656434532
"430",0.0241216702927938,0.0660563759796683
"431",0.0126964958134996,0.0156287162284355
"432",0.369742431326861,0.132058489216685
"433",0.00327831734097564,0.0150885552666097
"434",0.0501283423222086,0.02973660155572
"435",0.00836995790093661,0.0200795179499426
"436",0.304114849095683,0.522277920708509
"437",0.0246304906872204,0.0237673993340078
"438",0.107423112211052,0.0951924573031461
"439",0.0534680216858337,0.221411206252943
"440",0.455157582974506,0.102428313741096
"441",0.0286632546763984,0.0125174099850658
"442",0.0693720581495162,0.0119429343282825
"443",0.283799310206992,0.39099018639255
"444",0.0504345386809039,0.0388420070737556
"445",0.0743898892976847,0.0470681471031392
"446",0.275464905898489,0.414169169725337
"447",0.0239995885048059,0.0238039995018596
"448",0.151029904701952,0.115907073143346
"449",0.0909775830023311,0.21774611741286
"450",0.0373336682344737,0.0493135138429875
"451",0.0168236297206713,0.0308949675412991
"452",0.17991044065586,0.0302729666570892
"453",0.0182533971229369,0.0211887581985393
"454",0.0109610949483068,0.010480383697103
"455",0.308758599313107,0.142296192045903
"456",0.0416945429664104,0.0651622054361376
"457",0.0921476998866526,0.0158161921250194
"458",0.0176437788412942,0.00457157834710607
"459",0.0397936340297864,0.0862365496408881
"460",0.0675857900547569,0.157921151564324
"461",0.00386737149150541,0.00360982285133141
"462",0.00218488434102091,0.00219443643056297
"463",0.113767789754671,0.220843978236947
"464",0.0296991163353624,0.061352613553172
"465",0.308447707516397,0.199215164673054
"466",0.0195476694200338,0.0422807279529518
"467",0.0631873199774527,0.00642972025717184
"468",0.0775166925744025,0.00541930634935055
"469",0.0143596766187879,0.0261649024978465
"470",0.00169093637944056,0.00169194053610827
"471",0.0214089187950429,0.0306667493337336
"472",0.107030057634348,0.351101170568941
"473",0.0789481018197195,0.206071196209461
"474",0.0250000266603631,0.0013797824304864
"475",0.0994615993023036,0.082449084003705
"476",0.0296827386084142,0.078460178640818
"477",0.00873769214085477,0.0222086873360207
"478",0.0470762919682602,0.0421514723531371
"479",0.0346852872020621,0.0162841537095671
"480",9.94644259370739e-07,9.9448886176269e-07
"481",0.0059226269877066,0.0254067979780593
"482",0.00303778545526894,0.000190181705873423
"483",0.00990740454124909,0.000425324030545044
"484",0.0474967490676389,0.0607927774874534
"485",0.0454760118685463,0.0108497646310942
"486",0.00801811775696317,0.0389000964439721
"487",0.0216576199103893,0.0605753028230742
"488",0.0166301314652289,0.0136177419462661
"489",0.0121319176923676,0.00101224875012983
"490",0.0873230892729195,0.0336066996909896
"491",0.00761617897836185,0.00765009271680136
"492",0.00801678134991752,0.0003167333197241
"493",0.0109552545170307,0.0477158921825784
"494",0.0379553215230779,0.00799049519564289
"495",0.0448177001406951,0.142179336778359
"496",0.0354091552704213,0.0210238555175368
"497",0.265826029079879,0.0768877041258986
"498",0.0566040258934031,0.0673986902226876
"499",0.00128578636395484,0.00539525588733674
"500",0.0393951660041357,0.0389448939224202
"501",0.276648420359444,0.34295570431711
"502",0.083120942257316,0.0260767924512363
"503",0.033536984003865,0.0211125854223727
"504",0.0231863935208911,0.0120856330767014
"505",0.0457128956165228,0.0482884599948877
"506",0.0402270584935783,0.0209693810045501
"507",0.0313962894868625,0.0110997207085088
"508",0.20822322559731,0.126447264318473
"509",0.0777187151700551,0.142733743436076
"510",0.00128958747093308,0.0012775029433455
"511",0.0229452207225563,0.0138704273641327
"512",0.00291813892162932,0.0108547429235057
"513",0.0966582430727651,0.250421611482405
"514",0.117692696984643,0.248758365099122
"515",0.00693803964187136,0.00633013748345252
"516",0.236413218152692,0.280787164786946
"517",0.136162491071378,0.159979101890945
"518",0.00275165399469769,0.00279209853254926
"519",0.0642560298975899,0.103572602495012
"520",0.0793411804746313,0.136497734294341
"521",0.00419780311272482,0.000314040766446742
"522",0.0140750962286466,0.0266661203124913
"523",0.0317105568081284,0.0594922892368907
"524",0.0234842751461295,0.00266373293255781
"525",0.0587493457038955,0.247764325422702
"526",0.00767826482986655,0.0305465389401528
"527",0.0025014559222985,0.00012109767008339
"528",0.000451022173543431,0.000452580457794312
"529",0.0527103313991344,0.00394098929129558
"530",0.0412399145134631,0.0844802461297965
"531",0.251540299634444,0.186656141454275
"532",0.0473531670702713,0.0435897158725356
"533",0.0190673714193801,0.0189102580805472
"534",0.0414147100136281,0.0803720006594921
"535",0.078584877017125,0.186444381824166
"536",0.350961271092744,0.0824417396114571
"537",0.0519961342271751,0.00663523032007603
"538",0.184111225117806,0.318671827635679
"539",0.152017219652843,0.0643284563200636
"540",0.163192629360346,0.106601961917831
"541",0.00449036819425008,0.00449690181358909
"542",0.473881066710715,0.219736783890914
"543",0.165030109575211,0.0825266526877667
"544",0.00254703542057104,0.0103417641765973
"545",0.0455882899431157,0.150836020655983
"546",0.00486979704301292,0.000210158674625098
"547",0.0158808721800228,0.0196724881539973
"548",0.0433752586902062,0.145596740631846
"549",0.0502870086174269,0.0384501803656433
"550",2.68705857890826e-05,2.68373688342063e-05
"551",0.00430828080511706,0.0181671697545961
"552",0.123362054831568,0.201397898477
"553",0.139024678826653,0.191516769548317
"554",0.0253437349130808,0.069853376134336
"555",0.00530276336972883,0.0201906242465145
"556",0.0294670880482418,0.038144025336576
"557",0.0019793301276321,8.25518729928232e-05
"558",0.308321701242152,0.0460324839522225
"559",0.0620673692479908,0.090055275070528
"560",0.0257298227867315,0.0200152938647477
"561",0.0140715187608469,0.0146979768172879
"562",0.088066371797409,0.0227750773483973
"563",0.231414057099168,0.357091775306467
"564",0.125518000650858,0.138602501390234
"565",0.0376274612436065,0.0113195180634567
"566",0.0280963959841173,0.0669691310772292
"567",0.00481726298770585,0.0248360893056293
"568",0.141578921005286,0.069810997115588
"569",0.0345036761306243,0.00441286109511214
"570",0.224741048150783,0.123555400565404
"571",0.00558808981534669,0.00574317427226783
"572",0.0643052358549556,0.00516374713247823
"573",0.0451178415542008,0.181201287671964
"574",0.0310643061055695,0.043640276349921
"575",0.0153251457742346,0.0437646437250072
"576",0.0308961592475875,0.021640894948204
"577",0.0079673747595594,0.019852409557198
"578",0.000975599012263642,0.000953245431585723
"579",0.096326397305004,0.0907227953079824
"580",0.00957579297670364,0.000732045689974484
"581",0.171624061231091,0.0156953894275703
"582",0.00751860749267453,0.0320375326388249
"583",0.0499311013587567,0.0447519510225897
"584",0.0731616833274411,0.0479108168486234
"585",0.0139904523307085,0.0133543804527598
"586",0.000204937806942971,0.000204834256533568
"587",0.00888369514005118,0.00982860577849955
"588",0.150337057035913,0.0912293772542751
"589",0.0813875525676192,0.106489775957394
"590",0.0180560303274258,0.019509498043563
"591",0.108898352800624,0.0526424787127903
"592",0.0828920120254456,0.0418946921911362
"593",0.305491794220721,0.350190553713841
"594",0.264449176354934,0.092800430270967
"595",0.149156066959408,0.29146126557517
"596",0.0392228069407178,0.0556735603445443
"597",0.0601773396245015,0.0271591591876072
"598",0.0131828637367456,0.0141165374784591
"599",0.0165399522794122,0.0120912871751337
"600",0.0169027793489824,0.0217986639660449
"601",5.76935459803842e-05,5.7665711121075e-05
"602",0.021411358449237,0.00129432171609762
"603",0.0705425085567029,0.0193556598814528
"604",0.0177750751984224,0.0174253651067181
"605",0.156074496869019,0.429231884033925
"606",0.100853188373898,0.0193214144183748
"607",0.000900871519140565,0.000884248051076033
"608",3.7366631996127e-08,3.73649446892766e-08
"609",0.0497477505178149,0.110377294188632
"610",0.000540921564980239,0.000537364157229897
"611",0.0136048797718131,0.01332369188719
"612",0.00711180817485881,0.0261775956106186
"613",0.0687521826899762,0.0609935181161382
"614",0.0307136876364579,0.0263320824321735
"615",0.0520259637259736,0.0739895829113273
"616",0.0407421551965184,0.0490068758135553
"617",0.00311768651696387,0.0111372138141709
"618",0.00195010056102388,0.00194584799982022
"619",0.00745865205304455,0.00803779860646274
"620",0.00100413331210398,0.000996732379759116
"621",0.0229020434774836,0.016642701301484
"622",0.0160344686164812,0.0174485870839778
"623",0.0718098395150185,0.0537771844788958
"624",0.00799138814902098,0.00782055109153224
"625",0.0139815554984759,0.0634237981386909
"626",0.0221742668208821,0.00144763587586641
"627",0.0104942030503883,0.0417747437696759
"628",0.0163377595328557,0.00654220860710155
"629",0.151320782251302,0.359014506011105
"630",0.0108739785589308,0.0212951368102383
"631",0.032859756264447,0.00875774436129695
"632",0.0215410812139492,0.0196632668582498
"633",0.272051466399424,0.0743314370782934
"634",0.024057967413922,0.0163849263041906
"635",0.132553767986639,0.0422256086493992
"636",0.267537821109331,0.213574599511148
"637",0.0026817534182826,0.0104024096486423
"638",0.085886403078931,0.0343554252963665
"639",0.0687340161853688,0.027419117130799
"640",0.064333571441473,0.0560998299512097
"641",0.24375587774386,0.361304139281868
"642",0.0074459409331228,0.00779520544787171
"643",0.00642071244504653,0.0223017878021971
"644",0.130473703820748,0.303998803848441
"645",0.0203301525373644,0.0472973992765309
"646",0.0155447140847428,0.0276830915343214
"647",0.0243940697106765,0.0240710099985774
"648",0.00223921649736341,0.00220908288850184
"649",0.0146117803579166,0.0314101183112205
"650",0.227090407086183,0.145210654827433
"651",0.17126421903996,0.0933708156378209
"652",0.0301229261291074,0.00271753080991069
"653",0.00707692172047153,0.00660863161086572
"654",0.00761833631892134,0.00724035899236617
"655",0.0152468829904834,0.0456403023386657
"656",0.0403300121884673,0.00499451889484986
"657",0.0698466891751054,0.0962119528230789
"658",0.00792313801085654,0.000526991863930283
"659",0.000746748767369722,0.00074064808798917
"660",0.0109188420663529,0.00982549238442193
"661",0.164096232625914,0.152764012046681
"662",0.00273942834827939,0.00960938151454593
"663",0.0166062774231485,0.0445510312948117
"664",0.0133580529910924,0.0287226969349047
"665",0.150276898387938,0.11070977215755
"666",0.00792460333713541,0.00834220066336463
"667",0.12340125669175,0.167582774479194
"668",0.000711043882684782,0.000714770831482569
"669",0.0415172588053273,0.122192276754826
"670",0.0807138439105759,0.216972123552323
"671",0.00319529298790243,0.0108211130575933
"672",0.000422821449201869,0.000423005863156267
"673",0.0523158094840602,0.0405739395102002
"674",0.00461551609200328,0.0214715614943474
"675",0.00549842401702034,0.00536913831402444
"676",0.00976225300208868,0.0093914890825999
"677",0.00539122841506444,0.0200085892967166
"678",0.0329753524927245,0.0423761278555786
"679",0.00722195690401972,0.000293804623947013
"680",0.415418860576081,0.363912766516047
"681",0.0203731325624973,0.00361149522238444
"682",0.421372075875502,0.10148761896059
"683",0.613711950981123,0.206656534260227
"684",0.00406505551907946,0.0193691501588866
"685",0.0394125141596001,0.0159570917933464
"686",0.0417827656050943,0.00646669814033167
"687",0.0272483687927059,0.0273754947563526
"688",0.0914880160633668,0.080799523517469
"689",0.00786770117860422,0.0242271647885206
"690",0.0537694366260083,0.15117625174229
"691",0.262760633590204,0.0788139879667071
"692",0.423226654614075,0.268310697367089
"693",0.129424378798341,0.176905231971179
"694",0.0614076372763826,0.155443761135606
"695",0.0550472808429086,0.0855927024027694
"696",0.0301142478901169,0.0699654344365642
"697",0.0389173016588643,0.0045540194523857
"698",0.145786253470116,0.0666903303630405
"699",0.0321460849421357,0.035309934926819
"700",0.0451322565520448,0.1482855170386
"701",0.0744873472653031,0.0537484896885685
"702",0.0481077790015761,0.0694769074947062
"703",0.0896501926693492,0.111100565826027
"704",0.0184776663747344,0.01650274097877
"705",0.0119701332063682,0.0110266425745762
"706",0.0735128677480441,0.0378420487639889
"707",0.323544259269543,0.524625371843031
"708",0.432691779445028,0.0901207835855114
"709",0.104264559341531,0.137615606874509
"710",0.0641834245142972,0.155068835650061
"711",0.116116121305849,0.0852950083028173
"712",0.0865756688527157,0.174121632099152
"713",0.439668897383635,0.3502908123467
"714",0.139996127860148,0.0982077657855296
"715",0.0628564511834015,0.014247500531477
"716",0.00506474234596369,0.000293942143969657
"717",0.0084250934409958,0.0368145710175068
"718",0.0168518133483481,0.0787274549724734
"719",0.0560656331590369,0.0488052320977543
"720",0.207369593124606,0.103586013052136
"721",0.0405479122142791,0.119893505695388
"722",0.00709243284787651,0.000324738712854702
"723",0.0581152972169686,0.185372054859136
"724",0.0976277590513366,0.0836047599968063
"725",0.261165281322334,0.0463571298936532
"726",0.0253253570551062,0.0350039731787832
"727",0.435507595803356,0.222450391623279
"728",0.0201321289677005,0.0334676601900495
"729",0.0180593754721493,0.0288596858990763
"730",0.178782504895566,0.165027589442126
"731",0.0276896442273751,0.0618237298567674
"732",0.0136530393569523,0.0147199816081246
"733",0.299299224745269,0.0630412725341291
"734",0.0147410354714003,0.0156278567802365
"735",0.233018992895212,0.210958971268024
"736",0.00202655984586097,0.00205470430150872
"737",0.0252889121153131,0.0316385508406071
"738",0.0327349980788643,0.0630539565876118
"739",0.00888965274534037,0.0318671036789046
"740",0.0151667853359165,0.0159569447683475
"741",0.0410770004777314,0.072859049851772
"742",0.0197348596123561,0.0185864247144007
"743",0.0189035573872896,0.0341762530503039
"744",0.0515231548785321,0.0059345926644513
"745",0.00741283239869093,0.00689222923524498
"746",0.277418955508683,0.457508441753923
"747",0.00703462943845673,0.0189991896100237
"748",0.0151195147975087,0.011159938275258
"749",0.000658411066844095,0.000656007541720123
"750",0.00434940353366495,0.0135723765208188
"751",0.00795718987141051,0.0070855750604104
"752",0.0154181113755074,0.0144525471385458
"753",0.0134516231455542,0.0148549864965478
"754",0.290593087469884,0.146172383150759
"755",0.000490862664547207,0.00048926596756737
"756",0.0284010707538008,0.0296302070130537
"757",0.0784565857352757,0.041852346576116
"758",0.000277745414712939,0.000276328771109653
"759",0.000143811755434234,0.000143425897009324
"760",0.0373398925115749,0.0614207299492127
"761",0.101595512314167,0.0796441201705889
"762",0.0026938063824199,0.00264606349474674
"763",0.0087201137296605,0.0249923400303166
"764",0.118130585963589,0.0103589265623138
"765",0.169724819645284,0.384624147516928
"766",0.0123621090828345,0.0107667648022594
"767",3.14698225121883e-05,3.14484290560341e-05
"768",0.0534411507676555,0.0643962867304449
"769",0.0976872446195799,0.184852015920362
"770",0.0107435813843498,0.0103387431918377
"771",0.244657943868772,0.607699374272221
"772",0.289681318267075,0.365787856447536
"773",0.0920531827007407,0.136892930022428
"774",0.0372391655863302,0.0844134742023944
"775",0.121150327718906,0.117826467826164
"776",0.00483224045991085,0.0154058938076697
"777",0.0913458981713404,0.11155496031512
"778",0.0143988428819726,0.0308996940340109
"779",0.0232995095134741,0.107169801368936
"780",0.0123684675460687,0.0329099514294687
"781",0.00547797212377867,0.0161481894259782
"782",0.244037795324068,0.320961804202237
"783",0.0308191639204624,0.0591536264264122
"784",0.000734649905339201,0.00389682134591235
"785",0.0539802755499097,0.00928064775333891
"786",0.0481679082992127,0.0505558071692158
"787",0.00149579759304373,8.02750172919745e-05
"788",0.0669141585283494,0.0567106107763996
"789",0.281036467945034,0.491033471994387
"790",0.00745174798696144,0.0191334241291502
"791",0.0126933390660691,0.0267859380238109
"792",0.00819962238920033,0.000794653450660411
"793",0.0821628332188022,0.0230407807419613
"794",0.0932045202701691,0.0985710807055
"795",0.0329100597940743,0.0360112504492623
"796",0.0135898090447775,0.0400664574972928
"797",0.0615865392186678,0.056651614982382
"798",0.155158865298956,0.0759161730472073
"799",0.0612451429575256,0.022663416987811
"800",0.0206487103219646,0.0323828599380125
"801",0.0435243653846936,0.0781158899867889
"802",0.0379581902906526,0.0182562227435384
"803",0.00322660633797961,0.01108133120155
"804",0.00340362566169108,0.014740660130926
"805",0.000101316474056552,0.000101042667636944
"806",0.0325465906684004,0.017354867013004
"807",0.195950442954875,0.0717411028094325
"808",0.0612598238903303,0.0777937766857311
"809",0.033250958823005,0.11494500422551
"810",0.178104019895594,0.0762424614330778
"811",0.00680561925805192,0.0197723798089272
"812",0.00205242832132315,0.0111294198196211
"813",0.0214287600072946,0.0146516783286866
"814",0.0765583308595268,0.0941822001854003
"815",0.000878896822964244,0.000881630727566002
"816",0.0387986949390682,0.0337874995894097
"817",0.00679882064737398,0.0190567882939343
"818",0.076627754391725,0.0103771561906426
"819",0.00252974090541371,0.00247419046107443
"820",0.0402248150635877,0.128848593054476
"821",0.00975695419036946,0.000681617139162512
"822",0.00632278222297768,0.0286353948563949
"823",0.0691912981701317,0.166273064785512
"824",0.00536019737153132,0.00521324760564622
"825",0.114818800092992,0.0675147239100983
"826",0.00445042273296807,0.0218082799636689
"827",0.0906963399181982,0.107054039677595
"828",0.00609355809653109,0.00641842791112585
"829",0.0706641596539657,0.129985373220309
"830",0.37679269337579,0.076741919744241
"831",0.00841021133584086,0.00890683677731665
"832",0.024496748055489,0.108315678292403
"833",0.607719586681068,0.533748011091528
"834",0.0218496561412729,0.0229844873589956
"835",0.0592800143501299,0.117404467333102
"836",0.0438229989323855,0.0427244181234029
"837",0.572153880702675,0.265991906663409
"838",0.220976298835243,0.513054771143529
"839",0.025514497756589,0.0231505752610454
"840",0.117666002726954,0.128924499782381
"841",0.0080087505472506,0.00781086605244091
"842",0.0170745883519954,0.0393292499110205
"843",0.0199434119477382,0.079142874503323
"844",0.062971492086627,0.122919683641781
"845",0.00725834639968753,0.00730970345520415
"846",0.175006568970419,0.405529949423617
"847",0.185668058578671,0.237153884289745
"848",0.0681236153087456,0.0546325867618307
"849",0.060908685923374,0.0190214940015698
"850",0.0100039138279162,0.0110890262993188
"851",0.0190486398326071,0.0234321899080568
"852",0.308257071932202,0.260409326108215
"853",0.240091878637557,0.159601016682736
"854",0.170662100308796,0.0203059533883659
"855",0.00425607590279017,0.00404882348510161
"856",0.0141932246464664,0.0105421796550781
"857",0.141906638936858,0.205076278854028
"858",0.0461782164710518,0.0221581603331774
"859",0.0515048069433449,0.033233359167056
"860",0.0104979813258892,0.000471628880962441
"861",0.0195270978334514,0.0856556764639792
"862",0.0397230107734595,0.0384886672543663
"863",0.0118664137373987,0.0115402931969134
"864",0.0100399284367906,0.00877371337227338
"865",0.00711179970296143,0.0266506126298367
"866",0.0297113437136653,0.0296611676140873
"867",0.0578401566276155,0.00807183554606427
"868",0.012536741931574,0.0128858493937511
"869",0.010135766383554,0.0232055370032989
"870",0.321612223994116,0.268853857405668
"871",0.0591235500982887,0.112007848483987
"872",0.0573892861139811,0.0894674909367186
"873",0.1322516858121,0.0380007792854558
"874",0.111776748290193,0.113007991091162
"875",0.0543794293677573,0.0650142273133103
"876",0.178279431898823,0.17801257437966
"877",0.0400221639690873,0.0673468581260219
"878",0.000717656715911746,0.000717175460596063
"879",0.238743032112277,0.0673784338022264
"880",0.167808416390142,0.0753996441323878
"881",0.0039124184807925,0.00403283373422831
"882",0.444129378623724,0.293153811400847
"883",0.0301905205287476,0.00450686076595805
"884",0.181157180341722,0.161559152927336
"885",0.0362984238670806,0.043715573240704
"886",0.0241628031866323,0.0329626012104832
"887",0.0092709980326398,0.0349267405362225
"888",0.000197542887016752,0.000196780787484409
"889",0.000309748408608321,0.000307414381535363
"890",0.02635361308017,0.0348996784244578
"891",0.0327452270567705,0.0487774826335205
"892",0.136254108236029,0.150311233553088
"893",0.184161829647088,0.138084469309921
"894",0.0193220903638244,0.0167217128061733
"895",0.0403492816386948,0.0560834772691548
"896",0.00351731865889153,0.00362978547189511
"897",0.0333304460850665,0.0325199777498889
"898",0.0647891429437565,0.0456442165549261
"899",0.00657063767346698,0.00622322767895363
"900",0.019350968025423,0.0381187811279133
"901",0.455305269432422,0.0908686367679435
"902",0.0334749651413731,0.0368283846900022
"903",0.0164691591925708,0.0161769372651709
"904",0.480784683618402,0.206646623072395
"905",0.0275156098993312,0.0267789654325049
"906",0.140110376126808,0.136675532858231
"907",0.112505291192364,0.0466253109308216
"908",0.430846503735133,0.252097367593803
"909",0.0274728855835161,0.0533304760038435
"910",0.0371234475440363,0.00410295117453486
"911",0.0084010661327758,0.00890207677365356
"912",0.0128257857884218,0.00317306908553733
"913",0.0135069536760046,0.0253427092793522
"914",0.0204873902476567,0.0984813700440591
"915",0.0627453016902506,0.00839491064796323
"916",0.0458792450848404,0.0123980081076362
"917",0.0298947515867512,0.0134474770404407
"918",0.0310008730674238,0.0445558175323113
"919",0.00211268248607287,0.0111042357561191
"920",0.17544268865548,0.0890527907409094
"921",0.0278069428899916,0.0462624491203334
"922",0.0463220344952961,0.0544648136706172
"923",0.0438336518101397,0.0197708670870878
"924",0.0476479912089832,0.0381933409191877
"925",0.0810387636981927,0.0202883716472158
"926",0.0951828026620497,0.0537390767752772
"927",0.0317535995593245,0.00191209578149486
"928",0.0513320249015059,0.0379603113051911
"929",0.00733533209713606,0.000375728207332448
"930",0.0525349818810453,0.11064826164189
"931",0.0226860258016241,0.00118031016616056
"932",0.248683964482026,0.0661999194594555
"933",0.011049305264298,0.0326421536090337
"934",0.0198397616128745,0.0238968646457486
"935",0.0700072894901266,0.0618642312482505
"936",0.0429718309733609,0.0457416876888198
"937",0.0759711597122523,0.0295722353076585
"938",0.0607523735945531,0.064595980230095
"939",0.00808215791155282,0.00851510613227207
"940",0.0170623479033299,0.0179865562228621
"941",0.137702011502173,0.261328720840953
"942",0.0428776512085598,0.124901032317285
"943",0.223541653101752,0.0519586353389648
"944",0.0151399921867788,0.00375660720241759
"945",0.0283712873920448,0.0762900856127633
"946",0.197883398601916,0.16681238438031
"947",0.260576146319953,0.242812236346555
"948",0.000838718529574567,0.000834370081354086
"949",0.0281997140502365,0.00623168804664401
"950",0.0176886505695638,0.00195513654936845
"951",0.0315901128648683,0.0515437750488311
"952",0.103754142329507,0.0230882893087007
"953",0.273528475794494,0.0485678211330337
"954",0.322715860831906,0.305790876631815
"955",0.0191854723113413,0.0818760663057858
"956",0.000800746206811919,3.24645470388201e-05
"957",0.0762522505993023,0.0674737285584318
"958",0.155186742352137,0.210679902060829
"959",0.133394239098166,0.129476579778147
"960",0.0266279602627297,0.121217418948562
"961",2.60245956735346e-05,2.59726535137713e-05
"962",0.0400221650372239,0.0374292919989611
"963",0.00320484479443597,0.00314768459855054
"964",0.053877989044041,0.165915022902306
"965",0.00823797101003057,0.00877111401005532
"966",0.00579622620010574,0.00593155168213179
"967",0.011509498286347,0.0122297490802033
"968",0.0732491797740377,0.0793994717371905
"969",0.0468131874243171,0.180136500034774
"970",0.0887248295940424,0.065686749619467
"971",0.558899713831041,0.306096017231863
"972",0.00117373596365374,0.00117878430020116
"973",0.0158548297301466,0.0211072066236441
"974",0.048503935296407,0.0631298314584482
"975",0.0160499334769608,0.0447514205979766
"976",0.0649464220053914,0.0282826916807374
"977",0.00731890471121018,0.0075526528178732
"978",0.00307316881635374,0.00313683533254353
"979",0.0111587288365438,0.0129702438121311
"980",0.0293890817506451,0.0145979853559151
"981",0.0758531219650564,0.0578941537544021
"982",0.0033415094958379,0.00323492101424416
"983",0.0245560887543422,0.0235552671941798
"984",0.0225866644575698,0.0187280262287517
"985",0.0277702638701213,0.0195929592833775
"986",0.0438472222744031,0.0677436753840623
"987",0.0255545044240719,0.0468012410357741
"988",0.0277586660447101,0.0322195149621619
"989",0.0115743768532049,0.011484005080654
"990",0.00514649888067168,0.0185357580398399
"991",0.234879913670451,0.256052167524754
"992",0.316674660324732,0.317286552244119
"993",0.0111128004804102,0.0521524169005422
"994",0.0104687174596268,0.0112057755733671
"995",0.02342356729874,0.021202977888237
"996",0.0137395780526726,0.0152160310681981
"997",0.399417251075093,0.210413762112475
"998",0.107831561362572,0.25143075419073
"999",0.0102700798630205,0.00914469815892466
"1000",0.149483789694728,0.198776547890495
"1001",0.0590799618327075,0.0644541167762576
"1002",0.0830836656564716,0.0709380893290635
"1003",0.134410052956214,0.0272422832451353
"1004",0.0576432051572816,0.0389667142450886
"1005",0.0491640489410777,0.0485651438641005
"1006",0.0746278145329622,0.0122384675197043
"1007",0.0472813110578071,0.083825377791839
"1008",0.0379356150531468,0.0256664547320843
"1009",0.0216419271384255,0.0504369843049899
"1010",0.0307682847499154,0.0588934635881359
"1011",0.0588507042286994,0.0298321441705008
"1012",0.0938924893668197,0.203527836563836
"1013",0.352546347084999,0.157624276729025
"1014",0.0193142425740271,0.00883487026544242
"1015",0.0293316138393078,0.0410272081534725
"1016",0.0497979700934231,0.0752583417610436
"1017",0.000200518668563436,0.000199059425088695
"1018",0.0105250467064666,0.0426976911743471
"1019",0.0210550598435436,0.101992916156002
"1020",0.0166438821063138,0.025010277090602
"1021",0.113442899990481,0.0957108001791455
"1022",0.0723149844775277,0.0436457968463458
"1023",0.0454771760808269,0.00463834029600188
"1024",0.269220625949652,0.0373959311510407
"1025",0.0658284313228139,0.063672792053885
"1026",0.0293426333288859,0.0704032716925271
"1027",0.00978127539518345,0.00947504746809787
"1028",0.0144837690989204,0.033795786968985
"1029",0.0368967811194788,0.0402863061790334
"1030",0.00228107820916031,0.0110922789253571
"1031",0.00277442590253153,0.000111835101102953
"1032",0.0738619909960427,0.0410655795948617
"1033",0.025328273253246,0.0829280006731961
"1034",0.332024552107885,0.142469999950807
"1035",0.0117314518234051,0.0407305659268336
"1036",0.039245815069088,0.0441429714988423
"1037",0.00188675631699156,0.00739761794099653
"1038",0.0290520897255647,0.00731125273256076
"1039",0.0055691121721463,0.0180884796715777
"1040",0.0117320741709039,0.010903883983736
"1041",0.0698426353426582,0.0168039876577327
"1042",0.0426253034517278,0.188912224400525
"1043",0.239953371728864,0.313238294929841
"1044",0.0646337173339084,0.15622839454334
"1045",0.0293082410808215,0.010972175684418
"1046",0.242840012048528,0.138466997053767
"1047",0.441215817530742,0.30958109488891
"1048",0.201870019026754,0.57462747319221
"1049",0.052262323680866,0.0961447325224084
"1050",0.0208209558359911,0.0398736087164808
"1051",0.209872812667831,0.420888929678516
"1052",0.164347215771259,0.450198448088078
"1053",0.0561979539658291,0.0142423192523821
"1054",0.0578706083856261,0.0521630191880022
"1055",0.0329436341298921,0.088325301921684
"1056",0.0604021002740482,0.150518894727357
"1057",0.00169186707728445,0.0016757542422707
"1058",0.0106969020191374,0.0436331138134001
"1059",0.0069149213386955,0.0314472520016569
"1060",0.0223020291631729,0.0014788877158873
"1061",0.0296012254240141,0.0247325903643806
"1062",0.24399964049812,0.13056311535554
"1063",0.0876608736282759,0.0360546547660269
"1064",0.384236670788272,0.542054368345051
"1065",0.176054235555658,0.415105695072843
"1066",0.126466205346775,0.0441039229280877
"1067",0.0949320785779483,0.373855283361863
"1068",0.0243445078819558,0.103201482318675
"1069",0.00107239091687023,0.00107897430683502
"1070",0.147689684318093,0.0204862494914223
"1071",0.0175788269108563,0.000990616645726091
"1072",0.0188023408974944,0.0674838808729512
"1073",0.00604429749260762,0.00585509201043785
"1074",0.0689752056432886,0.00755062396736185
"1075",0.00275371461119035,0.00276507648040597
"1076",0.0452168275704268,0.0249735349061378
"1077",0.0698082015393522,0.0414606076370488
"1078",0.2594512125108,0.490217068396278
"1079",0.0655829060829121,0.00725492924211852
"1080",0.034505329320601,0.0218026572922622
"1081",0.164293171296457,0.146842933581686
"1082",0.289701758903936,0.326218795302145
"1083",0.323096086514568,0.221508497963236
"1084",0.00309404845368136,0.00301315116371047
"1085",0.210406496958647,0.146435229950384
"1086",0.0864211497124195,0.0362819294137243
"1087",0.155868282354543,0.0822404187220219
"1088",0.0832760755106381,0.143545618536833
"1089",0.000525003788880585,0.000524288591148531
"1090",0.0131840756742386,0.0120493453288043
"1091",0.0218830392405394,0.0309205052016879
"1092",0.0139892529398823,0.0128238966495076
"1093",0.0120978808528143,0.0251786440480502
"1094",0.0139522142145827,0.0167713241772711
"1095",0.00679803860560413,0.0218033442848177
"1096",0.15993672265722,0.193713235153178
"1097",0.429081365341408,0.676329076086068
"1098",0.00204617779931548,0.000129965081148381
"1099",0.0112183202136908,0.0418604120926333
"1100",0.0266908753275263,0.0113738279111027
"1101",0.023654259185495,0.0256302139190672
"1102",0.0043483587973857,0.00415552186554947
"1103",0.0263826464038726,0.026540931815914
"1104",0.0269285075266992,0.00199964129357442
"1105",0.0817626833059532,0.0447625625838105
"1106",0.11492829354431,0.257873391752588
"1107",0.00388013672429183,0.00397214919752916
"1108",0.0527564830918481,0.0692266370939082
"1109",0.00887410811977548,0.00833585227890677
"1110",0.00671515208773753,0.0257884958531684
"1111",0.0122518587431416,0.0247439133052227
"1112",0.0531529018815245,0.0105746404635768
"1113",0.377068508905935,0.288948584078371
"1114",0.0110676710245145,0.0293320700780949
"1115",0.0905336113339953,0.0109036433422597
"1116",0.00254462775100698,0.00243150974249875
"1117",0.00384883679742414,0.00375382684515947
"1118",0.0683612008885741,0.0511894218033479
"1119",0.0108606487685558,0.0100290759159469
"1120",0.00716577544765732,0.0074448486127753
"1121",0.0174329850563053,0.0056207350019591
"1122",0.0229000754010527,0.023850917466042
"1123",0.10482544761303,0.112696610920638
"1124",2.40449176856573e-07,2.40428332700069e-07
"1125",0.169948127229704,0.096910250821922
"1126",0.00482589346507285,0.000248080084228819
"1127",0.406125814870505,0.272252444533468
"1128",0.0430464856620814,0.123367889830808
"1129",0.0088587453487845,0.0264872526802414
"1130",0.0256934690399345,0.0411446923919663
"1131",0.0207121315191327,0.0333244231155605
"1132",0.00193570907181462,0.0104974615108127
"1133",0.017437373057177,0.0360638575725628
"1134",0.0277182300732099,0.00842277581570814
"1135",0.00613502885549006,0.0273902588216639
"1136",0.0995247578521189,0.0934982402725528
"1137",0.00381836696107113,0.0123504304086951
"1138",0.0480750342021015,0.113184714008136
"1139",0.00278507646516498,0.00280715171319763
"1140",0.0221330206422916,0.0875546955085919
"1141",0.113869071119245,0.201926335724425
"1142",0.283759968356109,0.410729740277733
"1143",0.103442458345955,0.336217923780087
"1144",0.247404108241967,0.231317955028495
"1145",0.0203505967001705,0.0304443326255634
"1146",0.0134189848047001,0.00188663405401929
"1147",0.113674461729152,0.0881572448278083
"1148",0.000727701222809471,0.000724970753755952
"1149",0.0964671804704859,0.149843327922735
"1150",0.00810903044088399,0.00751607089383068
"1151",0.119394421208182,0.212788704929275
"1152",0.0632063869501272,0.032549932395653
"1153",0.0435350994466143,0.0702299793500215
"1154",0.10430264933837,0.179878255366652
"1155",0.00144429965808213,0.00725522608830036
"1156",0.234527222127184,0.0467316528149022
"1157",0.000842135584510632,0.00451511744575429
"1158",0.121497650367171,0.0429562907967872
"1159",0.00458962974353731,0.000380390651239973
"1160",0.0174543225649138,0.0345505921264024
"1161",1.17365504157385e-07,1.17350945991822e-07
"1162",0.0040189846887146,0.00405615083938859
"1163",0.00862325346565153,0.000357078293411862
"1164",0.0387041225649015,0.134792819190261
"1165",0.0943380114047856,0.103372721904276
"1166",0.135810037431916,0.0173612778043029
"1167",0.0086558034235179,0.0294232677728896
"1168",0.142054723734815,0.21762139154337
"1169",0.00390137178746047,0.00402394759648185
"1170",0.106133178353852,0.0795155398496947
"1171",0.0296966444497324,0.0723597649524029
"1172",0.00102188768237911,0.00102288809674328
"1173",0.049653940992634,0.137612186206395
"1174",0.0294725191642285,0.0334163940453576
"1175",0.00156294431704645,0.00154321274501398
"1176",0.016401144379868,0.0173044595519543
"1177",0.0238714661714275,0.0499373318291698
"1178",0.00623663569992103,0.000326596243282279
"1179",0.123817063964005,0.08012995314436
"1180",0.0755607895851216,0.00653399328651569
"1181",0.150489888157925,0.226050930164295
"1182",0.0545251401188989,0.0243495832018024
"1183",0.00562404221270161,0.0258654253016256
"1184",0.0217996478367115,0.0424082215822244
"1185",0.00559541937610618,0.00564033799648182
"1186",0.394358431947371,0.350400475745339
"1187",0.0163237746853186,0.01802204935203
"1188",0.0492347841787001,0.0142764170356217
"1189",0.0846086133999001,0.00690158544365034
"1190",0.0607891606830651,0.0563496314558595
"1191",0.240404241993024,0.0530772637226305
"1192",0.00188906365197513,0.009142791397424
"1193",0.155415579969599,0.034478719247379
"1194",0.0140688200473717,0.0126392805686831
"1195",0.654133009507191,0.455154371050726
"1196",0.0329817659057988,0.134950807664194
"1197",0.442476381499972,0.224519127877817
"1198",0.0349518880326818,0.02831360710446
"1199",0.105717975481278,0.18334184288756
"1200",0.0511707092719653,0.16596878064954
"1201",0.177311218204862,0.498625501410571
"1202",0.0205805681266687,0.0362301323970894
"1203",0.0326692838686305,0.043013464661714
"1204",0.00663496934096305,0.000456334110486272
"1205",0.000997474024118545,0.00098178196602532
"1206",0.00473176259030246,0.0206562849608797
"1207",0.0514854549729141,0.0988819624941316
"1208",0.0234672163065449,0.0695571780038905
"1209",0.020732289248651,0.0297192916593411
"1210",0.00714624456957611,0.0279898497745852
"1211",0.0503323388914442,0.18284985690584
"1212",0.27347426611367,0.547127486353717
"1213",0.0693893020374567,0.117435994302247
"1214",0.0420932138459481,0.0397125872192134
"1215",0.0124934429451508,0.0145364785152599
"1216",0.0124466103110895,0.0112215462022015
"1217",0.0146404777901403,0.00292752164034765
"1218",0.00994652971796526,0.0103156257257169
"1219",0.00016410335824449,0.000163309252210956
"1220",0.0313709561420809,0.00541464896194703
"1221",0.00104829497360782,0.00103452821578326
"1222",0.368480540781575,0.18415205709209
"1223",0.0957579878038756,0.144921162645701
"1224",0.00160360990809403,0.00158203422165784
"1225",0.00497672821504635,0.00522387344251082
"1226",0.0249366329689134,0.0204999627213939
"1227",0.209994429334826,0.357563535213478
"1228",0.0404008227427536,0.0402593673200002
"1229",0.0140903856387222,0.0144071492301392
"1230",0.0431343994533185,0.0543543394850882
"1231",0.0141055134183979,0.0154062814180522
"1232",0.000147656394269338,0.000147150240848088
"1233",0.0509576650119611,0.054133268130334
"1234",0.449429817560074,0.109878055875296
"1235",0.00826758415892251,0.0271841142748078
"1236",0.0512906009931579,0.0394047701010262
"1237",0.000122795809467315,0.000122345761311291
"1238",0.0529388024904396,0.12377156913441
"1239",0.0373912381956581,0.0908466289500985
"1240",0.000753960743181212,0.000743306724503594
"1241",0.428534337087567,0.18755170942566
"1242",0.00162303066578073,0.00158540015572094
"1243",0.00689222925769035,0.00644609990275627
"1244",0.282717564516082,0.0368913800181358
"1245",0.000810130185950977,0.000804772990440017
"1246",0.0311265362946459,0.00628253497357823
"1247",0.0120043561247412,0.0131817670435807
"1248",0.0355602953130315,0.0369672652318544
"1249",0.146491926901598,0.0801109536313465
"1250",0.196371347747958,0.1943924534877
"1251",0.191265452072029,0.455904030926046
"1252",0.0775240682495516,0.217832222191791
"1253",0.54389670938797,0.206035187956064
"1254",0.00154043013956377,0.00150283409752338
"1255",0.113815277858516,0.0664976940095852
"1256",0.00355181764167307,0.000323792409662804
"1257",0.572470739412277,0.184864311096777
"1258",0.0949023469423661,0.277095099678155
"1259",0.111300180376945,0.041165603415799
"1260",0.0500082057079276,0.0163350612999981
"1261",0.642525727590459,0.268821995494804
"1262",0.0134908744789886,0.0119466892660993
"1263",0.0291363397536495,0.00723717770183775
"1264",0.00122533436700333,0.0011997768383216
"1265",0.00402417773763277,0.013002584259082
"1266",0.201873575402685,0.123148300922016
"1267",0.0198547310843302,0.0163122782718116
"1268",0.474914912655796,0.507760337893409
"1269",0.0384415072901233,0.168075584744797
"1270",0.00764554908690013,0.0238180586926258
"1271",0.0819221938214898,0.186458941304419
"1272",0.0684052133599916,0.248668640713357
"1273",0.0449262296890788,0.0739416206172076
"1274",0.00399474308548053,0.0137703604379875
"1275",0.0107825603684369,0.0321306870972219
"1276",0.00878206868955138,0.00834895694161053
"1277",0.0067674816994867,0.0185195039409223
"1278",0.245403983480071,0.140261194015994
"1279",0.0202420844495692,0.0307840925538768
"1280",0.00188989487845143,0.00187623661004734
"1281",0.072506772877752,0.12831171058486
"1282",0.343318031060243,0.0566159387879729
"1283",0.304416491853038,0.254867129870496
"1284",0.0346754463044159,0.0850476379110103
"1285",0.0179401812353045,0.0180270164159897
"1286",0.0397573799851436,0.0393030594129241
"1287",0.0833624395536793,0.0599281553288803
"1288",0.00133878403721411,0.00569599371251756
"1289",0.139673008267352,0.0546978985437009
"1290",0.00060295988617356,0.000597416802448036
"1291",0.054898990875606,0.0487666362237681
"1292",0.0084094582777128,0.021508222696726
"1293",0.0293180670637198,0.00453873787948921
"1294",0.31957156640466,0.584424269693842
"1295",0.288164835485272,0.337542449832439
"1296",0.0720606370738862,0.043970989548701
"1297",0.312260350630425,0.376913270173238
"1298",0.155057080150973,0.221491077190575
"1299",0.0742357242727936,0.0763658973745634
"1300",0.0229951840694811,0.00617766520770294
"1301",0.263536990617291,0.402266857052023
"1302",0.00885045863400244,0.029505375767922
"1303",0.0265971127135319,0.0173745335845772
"1304",0.0500674514743847,0.0345469534048356
"1305",0.000329833778460874,0.000329270674527698
"1306",0.0749674222503791,0.233353890273818
"1307",0.356915085547623,0.0722672369075004
"1308",0.0348749497941312,0.0948260400784132
"1309",0.12772158774892,0.0963456480270542
"1310",0.0248311766391448,0.0273493982939113
"1311",0.011118503647077,0.010903196010951
"1312",0.0415089172464408,0.0157574220641768
"1313",0.0164616457118587,0.0369041363241539
"1314",0.0312809668778726,0.0241160091013474
"1315",0.125257661636059,0.0563478723296274
"1316",0.013666219763049,0.00133517220330672
"1317",0.00985678467270637,0.0247247370781788
"1318",0.0140592968039345,0.0616258352756875
"1319",0.0464957065201855,0.158318863764042
"1320",0.00338030575426947,0.000133114543650764
"1321",0.0087273853962986,0.00784196725759011
"1322",0.0913095071099634,0.0618798645752073
"1323",0.238472035865399,0.200562158133189
"1324",0.0754121257175197,0.153054592554694
"1325",0.0389757294498218,0.0386209408894242
"1326",0.0328978126500709,0.0411758060889725
"1327",0.000226539542974603,0.000226261019829486
"1328",0.11503246764823,0.2902879485127
"1329",0.00932566045676722,0.010485898973088
"1330",0.00748928111758682,0.0285235845360447
"1331",0.0189167479973295,0.0173106303239288
"1332",0.0315207884058966,0.0669080718182452
"1333",0.0394228050599888,0.103401667354062
"1334",2.82674343280112e-05,2.82233656166627e-05
"1335",0.00256438341204422,0.0025538588799752
"1336",0.0846630022030578,0.238434704146569
"1337",0.00981678132759015,0.0268571115524917
"1338",0.0130505698126633,0.000856788979795899
"1339",0.158735759505996,0.0289724312478042
"1340",0.0588445444718901,0.0223055859661818
"1341",0.0679535188516733,0.0257777255194011
"1342",0.0119625621435819,0.000717079393782706
"1343",0.102053191639966,0.118083474019853
"1344",0.00265060294889215,0.0120152328130905
"1345",0.011181891422818,0.0116098287156574
"1346",1.20390585951877e-05,1.20329821702001e-05
"1347",0.272547345794892,0.233267448354546
"1348",0.00464168015211531,0.0161683731331297
"1349",0.00476006409619877,0.0233634350149272
"1350",0.295667817880293,0.166873994150149
"1351",0.0455789443703261,0.016204167193412
"1352",0.0295279262669013,0.0390263644193844
"1353",0.0639884125285235,0.0491415025844971
"1354",0.331243393984253,0.339414372419388
"1355",0.0557983172815393,0.0994288220679318
"1356",0.0277471834508635,0.00441794016983994
"1357",0.0195524601837267,0.0237916598823213
"1358",0.2076557978805,0.0334015939199449
"1359",0.425697566186133,0.3995049360822
"1360",0.00402900680025395,0.000326238215057556
"1361",0.459157078066538,0.276323027691919
"1362",0.0223087545829201,0.0323758791113649
"1363",0.00326828008095587,0.00328818020048572
"1364",0.157835790348983,0.0673395275752696
"1365",0.000211832926369774,0.000211290163540632
"1366",0.0928637341731265,0.133401218344245
"1367",0.00434253587979623,0.0175060041915576
"1368",0.00816326314132534,0.0237570207736185
"1369",0.0397678542215001,0.128818213557593
"1370",0.00530156925234645,0.000522829621915818
"1371",0.00655846843849888,0.0063145907253452
"1372",0.0251880229159939,0.0433999246503664
"1373",0.333231726324027,0.132466951902606
"1374",0.191766364507576,0.236058018194515
"1375",6.0339138953906e-05,6.02325773316346e-05
"1376",0.0178058783435503,0.000852989879769258
"1377",0.0459117065371745,0.0426582003574715
"1378",0.0469197129221294,0.0814130907569742
"1379",0.606565869283562,0.221474339755067
"1380",0.0356171361558819,0.0434229121799916
"1381",0.161309396559276,0.0550936686009057
"1382",0.0104661581777264,0.0552196316279253
"1383",0.292646671762749,0.232560301758881
"1384",0.0102856561150893,0.0112906193442173
"1385",0.0818807171681325,0.0356343295359388
"1386",0.0151681076191482,0.0358566959386129
"1387",0.135852528336799,0.146755413067511
"1388",0.374216207934114,0.433423898532347
"1389",0.33366302857601,0.0941740969349965
"1390",0.112480975261994,0.0684868608301046
"1391",0.353847224825274,0.48061374841807
"1392",0.00464560094206229,0.00482024310054865
"1393",0.0360191897226015,0.0103581593762681
"1394",0.117797622052471,0.0440398274073403
"1395",0.00343741290024153,0.00330562056178622
"1396",0.00586177162783766,0.00553218351512099
"1397",0.182095253532879,0.0883097977004329
"1398",0.0272050774864839,0.0282485050196151
"1399",0.0406428609442838,0.0369709398279568
"1400",0.0428010243453216,0.0181667947385673
"1401",0.010992701715832,0.00997260980771643
"1402",0.0292759740305117,0.00365232790154525
"1403",0.251006341901066,0.02637921762511
"1404",0.109873962175185,0.076247785743788
"1405",1.05461793214914e-05,1.05383522169377e-05
"1406",0.00424529284921317,0.0149718913523722
"1407",0.130283412245075,0.30527876235839
"1408",0.064733396309825,0.104683281523535
"1409",0.0727927194398853,0.057678686584499
"1410",5.36600821373238e-05,5.35435800945903e-05
"1411",0.0137980321835082,0.0028515674923294
"1412",0.278117322217063,0.0323427672680377
"1413",0.0354742724612479,0.00778587105102858
"1414",0.000274446352208998,0.000272184129721331
"1415",0.00622168917368273,0.000263712031070043
"1416",0.0107162789553372,0.00965308791649488
"1417",0.119742091509482,0.0297891651756632
"1418",0.250932243635347,0.109716632622299
"1419",0.0125867241724479,0.0108586684428103
"1420",0.096383904223281,0.0541959158342254
"1421",0.12143950972828,0.0798053806792508
"1422",0.0198608721235551,0.0308848933765958
"1423",0.0564603483398452,0.00997939581355417
"1424",0.0654442008299354,0.0529051573255862
"1425",0.00313523203336327,0.00305578743455431
"1426",0.0145484957126821,0.0145040415641374
"1427",0.0136182283993059,0.0151857523444842
"1428",0.00188167630255383,0.0019066794555661
"1429",0.0361343422321404,0.00654062603307831
"1430",0.111846698787824,0.0931465020782134
"1431",0.00106987809425124,0.0010651285813762
"1432",0.213989539740268,0.300991698408577
"1433",0.110492426924261,0.0468875615721114
"1434",0.0566394035748428,0.175379363563341
"1435",0.0284068598861268,0.0195354371909623
"1436",0.014005010105316,0.0146212104538937
"1437",0.00405606907233375,0.0142044432853137
"1438",0.019470719306869,0.034427199751933
"1439",0.011502183472796,0.047611779702676
"1440",0.144696979296944,0.0181073236686245
"1441",0.0842467948400642,0.0211068832009418
"1442",0.0246715626187794,0.0211384841983904
"1443",0.00986376317890173,0.0108528718363737
"1444",0.00537113186530228,0.00524116263655037
"1445",0.225075720398655,0.157994205881503
"1446",0.0204300666484274,0.0926742435617773
"1447",0.0148186910410449,0.0294491351451277
"1448",0.296107703552831,0.0969152504379106
"1449",0.110144236634744,0.146024090326174
"1450",0.0307463263920571,0.085745499012852
"1451",0.150742528564999,0.0493507570473622
"1452",0.20536997918018,0.278485986580413
"1453",0.375969983512003,0.181395704502802
"1454",0.0106243445331842,0.0391065582591894
"1455",0.00973657769746735,0.000684468005236033
"1456",0.0805502464092594,0.0364826937133127
"1457",0.0105955838686582,0.0105492957210259
"1458",0.0140340738296612,0.0317525089159918
"1459",0.181727212214098,0.0218606260391866
"1460",0.00619681206513631,0.00647211692234124
"1461",0.0829119809910167,0.071183181599026
"1462",0.317391201969791,0.22043007801956
"1463",0.143740641281835,0.0205987688424989
"1464",0.0594484291299498,0.0393312463649839
"1465",0.0215090171414667,0.0168012334760671
"1466",0.011658512833077,0.0114437525300793
"1467",0.00295321981679268,0.0122187715220397
"1468",0.0237244255662793,0.0344278113727511
"1469",0.0356336647901002,0.0268390808020892
"1470",0.0317905038806807,0.0357127850170898
"1471",0.0026322766182489,0.00256982781090403
"1472",0.000630966032297427,0.00062928014706643
"1473",0.00435031653076022,0.00420181895348154
"1474",0.16330233368101,0.274776774071352
"1475",0.00676243113562386,0.017691169748193
"1476",0.137074387653018,0.0219800363003595
"1477",0.0412896945564705,0.0127369686555779
"1478",0.0471490941496736,0.169202628996047
"1479",0.0484852005169211,0.0491856624566156
"1480",0.0411512817785233,0.0307808519357346
"1481",0.0256644749630299,0.0051904756799462
"1482",0.143093245517389,0.0183695267481086
"1483",0.147250560993251,0.0887305776556183
"1484",0.225301154481318,0.351899148895099
"1485",0.00717103141533896,0.0075404007016464
"1486",2.35959188550579e-05,2.35627941613582e-05
"1487",0.00849320059109215,0.00890661340022335
"1488",0.101668675748324,0.139490606238066
"1489",0.0384015318946152,0.0254046312078656
"1490",0.166142395122592,0.0331991068063571
"1491",0.0388238268781864,0.126106389408813
"1492",0.0545413407494951,0.0670815816955756
"1493",0.0334602717903901,0.02679982420289
"1494",0.00035326381200096,0.000353354464266757
"1495",0.0524680935805092,0.026574520765628
"1496",0.0295848464638755,0.0798242192692838
"1497",0.100482200172081,0.0495318817145176
"1498",0.0440186798741287,0.0531827997898454
"1499",0.120146870895632,0.207832206679431
"1500",0.0261550804204062,0.00994919744242791
"1501",0.0713726750054267,0.17203087021307
"1502",0.0690161544790216,0.0319880156165898
"1503",0.00276611200740675,0.00268987531203346
"1504",0.1267288815732,0.165653624323586
"1505",0.465464341134564,0.0942594264857892
"1506",0.000691964936898258,0.000689317676606405
"1507",0.000579572145843486,0.000576664102637795
"1508",0.126941610013438,0.100889059550782
"1509",0.0655461688597827,0.0813671283117156
"1510",0.044576722060584,0.10843675239527
"1511",0.137590371899224,0.203547988472838
"1512",0.0191813360163025,0.00930733702503166
"1513",0.0134728742860071,0.0338364942392167
"1514",0.295922878400587,0.262340961511274
"1515",0.0312667666274499,0.00865382080571266
"1516",0.00891150115542885,0.00988035367790385
"1517",0.0172020139330602,0.0223061379915973
"1518",0.125873447772313,0.0145149041145141
"1519",0.0253261686381922,0.0131296352245636
"1520",0.105672454279063,0.0548606409849058
"1521",0.0294268871115035,0.00492140543016172
"1522",0.0326082583542599,0.154701939083782
"1523",0.00534455905620382,0.00540908306833306
"1524",0.00305411807846655,0.00307913029039337
"1525",0.130321666831466,0.114823773019575
"1526",1.22030980985424e-05,1.21914497754313e-05
"1527",0.0139778898682247,0.000632562850511134
"1528",0.028807360515361,0.0321339315942201
"1529",0.000770191495047176,0.000766295553171212
"1530",0.333408233440802,0.431795991073552
"1531",0.0767922410194711,0.024119991221909
"1532",0.0161305458316264,0.00114892242559144
"1533",0.0237661490459573,0.0349679206242485
"1534",0.00257241870673895,0.00259216094463531
"1535",0.0112879097755812,0.00180845608006341
"1536",0.542913834108165,0.327749776655441
"1537",0.00193294838201671,0.00196210704068517
"1538",0.0799150764584842,0.0581974805555241
"1539",0.0276902588210951,0.0591167204878298
"1540",0.0291346727042675,0.0341390099819508
"1541",0.110266377354043,0.0427828879446039
"1542",0.0419374018631083,0.0278701692005803
"1543",0.0707721180526049,0.111390088450949
"1544",0.00218595528101569,0.00214248313110074
"1545",0.0102889588514303,0.00797697402134286
"1546",0.018541190608429,0.0211180615815291
"1547",0.0183540309785582,0.0332805409759251
"1548",0.025497772015618,0.0430250321725501
"1549",0.00339080886880022,0.00342939143885915
"1550",0.0531939154309025,0.037697860537105
"1551",0.00153751192569918,0.00813417775168316
"1552",0.000326664597740127,0.000326093335781135
"1553",0.0031825475152094,0.0128273179611586
"1554",0.158964194614792,0.0169884678166876
"1555",0.0114014098388335,0.0228708417131885
"1556",0.308970099495667,0.200499201299598
"1557",0.0272234954969514,0.0164073749144562
"1558",0.0022585362333024,0.00957872543534598
"1559",0.0599172492460396,0.064603624091193
"1560",0.172891237692075,0.489985797078101
"1561",0.0318021912994923,0.016263287205114
"1562",0.0640510310823585,0.0257133228817547
"1563",0.166699478580855,0.26970650460562
"1564",0.0848668197289215,0.0334822844872592
"1565",0.015846638689233,0.00178086304123869
"1566",0.0238873932955549,0.0159148962994907
"1567",0.00329171215125715,0.00334665574776564
"1568",0.0878610930501247,0.0303328804079615
"1569",0.00568341965888135,0.0296989323856004
"1570",0.0262568706791935,0.0484786427614768
"1571",0.00210750510341672,0.00213730158356972
"1572",0.0786618940370291,0.192516749679356
"1573",0.0444677424448128,0.0396998501144594
"1574",0.450861771106545,0.133184991298593
"1575",0.186787072107478,0.149506983513889
"1576",0.00586171806656172,0.00524207678996598
"1577",0.0392434012634605,0.0826869725757282
"1578",0.0233766594970008,0.0127454650201513
"1579",0.00469161827562427,0.00483619832751944
"1580",0.320441979872451,0.119700821500473
"1581",1.01686889933948e-06,1.01665415780263e-06
"1582",0.000812664923953769,0.0007974416457548
"1583",0.0423046506389205,0.0519681231892707
"1584",0.0616094032803901,0.0374711963975248
"1585",0.00534951920122653,0.00509538242728412
"1586",0.0250934360147047,0.0246489489426387
"1587",0.0242056761179072,0.0199594773790817
"1588",0.0548043256791452,0.0379667182131884
"1589",0.011895290150172,0.0120714685978146
"1590",0.00978535107310838,0.027423156736175
"1591",0.0204761852818486,0.0427417348778303
"1592",0.0469323552041249,0.0685064000245943
"1593",0.444103892149152,0.0910098757065342
"1594",0.00193210180302351,0.00906281380080054
"1595",0.0292415062556113,0.0387846956495355
"1596",0.458360169993675,0.28630357680794
"1597",0.328882883469348,0.0647433736258981
"1598",0.00582640555082688,0.00609375104799173
"1599",0.0840333150026309,0.109042593198384
"1600",0.0517886904222331,0.0283843376998975
"1601",0.0310776582473489,0.10860258926677
"1602",0.0304600223034858,0.0239373661023345
"1603",0.154870800951486,0.0270360301026951
"1604",0.032297952587872,0.0474759677050744
"1605",0.348065685766015,0.34354013642336
"1606",0.170521819820797,0.0206982183303981
"1607",0.0229563434546073,0.0254985621795756
"1608",0.00909580724989791,0.0197990028984585
"1609",0.0274659900696138,0.0261340159805631
"1610",0.0249345093117585,0.0401093954386342
"1611",0.0596419468248292,0.19286906705838
"1612",0.159454874680304,0.251030627552781
"1613",0.0687360591118127,0.211489612813921
"1614",0.14746458072145,0.0554770027283186
"1615",0.0115406189308855,0.0255185003530907
"1616",0.0176505207505312,0.0011313839055733
"1617",0.000145897524438202,0.000145805902602566
"1618",0.0192463100848882,0.0274212495772371
"1619",0.0519505879988537,0.0247830725499324
"1620",0.00379105092306373,0.00380295204408398
"1621",0.243473419752744,0.136809837506622
"1622",0.0471373512552133,0.182197003084084
"1623",0.0411409418111643,0.0428006376109374
"1624",0.0247425890646275,0.0190327831942849
"1625",0.0960642968818768,0.159286409801055
"1626",0.00229425983074514,0.0109400857715504
"1627",0.0077540806064299,0.0242676364829724
"1628",0.0372447035182287,0.115433773113834
"1629",0.0312502704384814,0.0194889672237868
"1630",0.0521026547069279,0.0653025669430014
"1631",0.10747132504516,0.354783829551835
"1632",0.055063603074621,0.0361146635438853
"1633",0.02218950767977,0.0297155600990284
"1634",0.0399207193980276,0.0138067277048387
"1635",0.0791432564017775,0.0518547335320348
"1636",0.11384920403989,0.242070972137672
"1637",0.0158945030082474,0.019620612828633
"1638",0.142841867510641,0.0287689471316269
"1639",0.0193703392588371,0.0264547865838877
"1640",0.00422086765403116,0.000307843789774397
"1641",0.253837290872138,0.188378981074951
"1642",0.0364033671497007,0.078897581468535
"1643",0.010538142137465,0.0109296035020525
"1644",0.0205120151386591,0.0574878150064118
"1645",0.00751842548613386,0.00720361493797043
"1646",0.00834173638601114,0.00700089774090976
"1647",0.0842196020157138,0.0136919514756106
"1648",0.0760943723181282,0.0299996945020744
"1649",0.0793324385869742,0.0811725826439612
"1650",0.0134802899651026,0.0138605605141746
"1651",0.167529141501463,0.0207829671587187
"1652",0.0383901849609718,0.00753488365742056
"1653",0.16010431939706,0.261753892328492
"1654",0.0235816903559215,0.0323762753878614
"1655",0.0112395992742026,0.0461742269598461
"1656",0.108105741457064,0.154643887868117
"1657",0.0208369101767601,0.0209433729051636
"1658",0.00197874367835871,0.0019125337593996
"1659",0.127871163586596,0.422008812823642
"1660",0.212427134712277,0.377296629577917
"1661",0.477869020338781,0.147518101590785
"1662",0.0794193275924655,0.226445882634075
"1663",0.0220437199173597,0.0586429102268516
"1664",0.194104486222449,0.0214578190420424
"1665",0.0217142563000766,0.0391364371459643
"1666",0.0704860735120958,0.206020382774464
"1667",0.0920190192593911,0.0553823365395652
"1668",0.0603557401180441,0.0754100348960692
"1669",0.00666143741473875,0.00599725840453011
"1670",0.403087021635675,0.439468716742603
"1671",0.00524951631508824,0.0191479492943528
"1672",0.0409295833176744,0.0098374596495483
"1673",0.000351693469708734,0.000349315213216721
"1674",0.0183924444956774,0.045321837959712
"1675",0.509566334114878,0.350518647844059
"1676",0.077345958352981,0.0665198345353199
"1677",0.0100166281738207,0.0108909213549303
"1678",0.0037646176213592,0.00384720443970099
"1679",0.130912485368701,0.145728489519258
"1680",0.000168586096239835,0.000168165838269111
"1681",0.0556181917969261,0.103117286257278
"1682",0.0102641760375638,0.010796147614169
"1683",0.0828371912122865,0.184158752541746
"1684",0.0335720061576121,0.042228206772381
"1685",0.100249803236257,0.282675948814224
"1686",0.0555360469471217,0.0969125191887267
"1687",0.0867750115207474,0.0059757339746359
"1688",0.0612569710487062,0.0157588214583334
"1689",0.0354694458412395,0.0265586682404655
"1690",0.033496975426094,0.0595678408819798
"1691",0.0381670742393817,0.0294842158704258
"1692",0.0194745902850092,0.000960281227133782
"1693",0.183553330847649,0.0572717310772831
"1694",0.0190024170565715,0.0226341864956711
"1695",0.187475739240772,0.31181076240712
"1696",0.0360829768971501,0.0342841414765842
"1697",0.0341565127027321,0.0226594292811138
"1698",0.0217335597860221,0.0425672979191202
"1699",0.0942056503055404,0.276709509564427
"1700",0.105161282561281,0.185142615044504
"1701",0.226685111633718,0.0520117156923668
"1702",0.295209388572279,0.167386772646157
"1703",0.0779689753040689,0.120757003719427
"1704",0.053396130011959,0.0094042813886587
"1705",0.00718641944010507,0.00736105270830256
"1706",0.186364746657785,0.147348320832873
"1707",0.273535702325119,0.10270102288036
"1708",0.109462134164112,0.0466687965173133
"1709",0.0247782824561321,0.0600889606223023
"1710",0.0394901740833761,0.00502033215810268
"1711",0.0108708071053625,0.0362179544568766
"1712",0.00932495169539649,0.000955519148438299
"1713",0.0416452909677674,0.0412473623590053
"1714",0.017512494877636,0.00293610608144859
"1715",0.0389832863582285,0.00617440282555288
"1716",0.0292255772747941,0.00256888035806094
"1717",0.483758031751132,0.274754713256888
"1718",0.0545475630765513,0.0538766049354518
"1719",0.00102194642312355,0.00101567470256494
"1720",0.204468828926244,0.172289848900417
"1721",0.0819927752496239,0.0437856947937754
"1722",0.0207189563774496,0.0718247559790119
"1723",0.045892837025498,0.0347401347229544
"1724",0.0274213371175181,0.0111566660476833
"1725",0.0190508450921194,0.0359090938564774
"1726",0.0345682953421116,0.0166366283242067
"1727",0.0166528888258047,0.0681663555256792
"1728",0.0102397997699346,0.0290966828528437
"1729",0.0629180061103066,0.0420038778822386
"1730",0.0787640296493352,0.0143420383338006
"1731",0.267869609313929,0.155079317651508
"1732",0.165352035854189,0.0747657337318553
"1733",0.0191068130827505,0.0253174361110856
"1734",0.0118982577008793,0.0244573658799267
"1735",0.223023227176456,0.237877097179504
"1736",0.0861480794629896,0.0802782069790549
"1737",0.457749159928075,0.262972250373028
"1738",0.00639055358784941,0.0234770919683822
"1739",0.340572817371152,0.0847188567058871
"1740",0.0835895459767776,0.0432258549218234
"1741",0.0487619784069096,0.056404450073505
"1742",0.0594259305506023,0.223386176521583
"1743",0.190618421350514,0.0991260961425704
"1744",0.00325079406296586,0.00323317129922239
"1745",0.00874151679683706,0.0198819035699129
"1746",0.00749244425435287,0.00741881442044893
"1747",0.00290998237240032,0.00298441722491434
"1748",0.0139209623703008,0.0626375964463811
"1749",0.0177559188462529,0.0334518886550517
"1750",0.0044742894924028,0.00446552515103853
"1751",0.00989871421492909,0.000978618619771388
"1752",0.592937366372255,0.538271469866496
"1753",0.147731221544036,0.162246458794627
"1754",0.00269429077909076,0.00272738807775371
"1755",0.00760046229951211,0.00711125584928316
"1756",0.00660145596976004,0.00640643879020418
"1757",0.0373612273701138,0.0390230774684651
"1758",0.0369330579950106,0.132167476762346
"1759",0.000161352591586829,0.00016127564553426
"1760",0.0596431248507914,0.0435270059413304
"1761",0.0580052326804092,0.00528963971874857
"1762",0.214184986438975,0.131710733360738
"1763",0.0926931705255891,0.0473785257227085
"1764",0.0289095071478782,0.0254132528719177
"1765",0.126097756109403,0.332142560223442
"1766",0.00912609359430825,0.000619924315848438
"1767",0.389583524277552,0.432077822574263
"1768",0.401898342397022,0.141856948388422
"1769",0.0526944254834222,0.0482954487904522
"1770",0.0302200361692091,0.0315207784905679
"1771",0.0953709814471463,0.161671451585057
"1772",0.00279581943446788,0.00280510267909719
"1773",0.00237814322555561,0.00235251424120406
"1774",0.0849600494628784,0.185442371531214
"1775",0.0200212689651314,0.0422459298236823
"1776",0.161599514610848,0.055264672623885
"1777",0.0579460801620511,0.0597419739126262
"1778",0.140109854401075,0.050623605562466
"1779",0.188178505202116,0.48887879682448
"1780",0.0392551296370324,0.178184795874183
"1781",0.310014700666315,0.0633763578977591
"1782",0.0402438686075833,0.051132347881693
"1783",8.77547552106182e-05,8.7449625082092e-05
"1784",0.0130873381783555,0.00223372381136225
"1785",0.224011221862,0.411990183061516
"1786",0.000785576200335392,0.000782180313550926
"1787",0.00678222583241411,0.00708098430876777
"1788",0.0426558835185186,0.0464662704799914
"1789",0.0151225074462853,0.00150415319011373
"1790",0.0351214541712187,0.0335113970563262
"1791",0.0157660050742415,0.0300544857023654
"1792",0.00405826544000225,0.00421514052575413
"1793",0.0846034018169467,0.0691194567532308
"1794",0.0348191623298022,0.0461410646978221
"1795",0.10615566186469,0.0960636712167609
"1796",0.0608709925488113,0.0838823364328656
"1797",0.00579256906095639,0.0243658531723917
"1798",0.400632532497923,0.602248357194858
"1799",0.0187416716023516,0.021441342428864
"1800",0.0313893174129331,0.0548895909953826
"1801",0.000490079485596547,0.000488838071071104
"1802",0.0475617410077136,0.0678755870406157
"1803",0.0150604282405983,0.0163308148901436
"1804",0.0208832950528726,0.0243311484457349
"1805",0.218078631322706,0.137182625779337
"1806",0.180472615474196,0.173785353383177
"1807",0.0326384410359037,0.0357695141346406
"1808",0.177354072631396,0.164638748158974
"1809",0.12323204915506,0.0826094970978655
"1810",0.275947683058572,0.2553338357643
"1811",0.0179249604017901,0.0176119519679292
"1812",0.00179289654603203,7.07371761375497e-05
"1813",0.186314271150331,0.153726896989568
"1814",0.0172287605796848,0.0161781969456041
"1815",0.0241191479130992,0.0899925053451371
"1816",0.0443252508036049,0.0606925422827718
"1817",0.0153408752036469,0.0291238487484968
"1818",0.00325066580916725,0.00318684087832848
"1819",0.0384565611762807,0.0149214896301062
"1820",0.0270174281815201,0.0257673416589471
"1821",0.0107758968686554,0.0118576175322308
"1822",0.232441250194512,0.0269845377093557
"1823",0.0175939608176448,0.0247041652650421
"1824",0.00227675742543728,0.00221431291318548
"1825",0.00119705353622,0.00117827147359899
"1826",0.00986006486537799,0.0104066260451028
"1827",0.0183486030173126,0.0163412250046902
"1828",0.00309473785318357,0.0146052124415623
"1829",0.252537406590697,0.0998264834828478
"1830",0.216550169913183,0.232745528997769
"1831",0.186090919787776,0.197311013489376
"1832",0.00891610663417672,0.0324576519156756
"1833",0.0784157097358574,0.016890451980088
"1834",0.000202822473182703,0.000201394700282688
"1835",0.00248685531443504,0.000119911837049959
"1836",0.0277903071374932,0.00252268085094697
"1837",0.0177698699649439,0.0140472990444172
"1838",0.0122709422779522,0.025529071898209
"1839",0.258902389854568,0.172221834477961
"1840",0.157140541006617,0.0420123064253967
"1841",0.034312536635184,0.0468634195155415
"1842",0.00356073256397374,0.00342895207536081
"1843",0.00548155010726464,0.00551065958964871
"1844",0.026253306774368,0.0248277029172264
"1845",0.00870283752668564,0.00037824387765181
"1846",0.0741061593133969,0.308854044553751
"1847",0.127221728215483,0.346652815085368
"1848",0.0254313886161952,0.0317401956324328
"1849",0.0448655836701468,0.00698324787673035
"1850",0.0450667825954511,0.0239126862548113
"1851",0.0297139663220921,0.0989035855442166
"1852",0.237040458315234,0.0965536681479931
"1853",0.10036905983659,0.0584682447446954
"1854",0.026510591039577,0.106444454535684
"1855",0.0010263775657156,0.00101432783720503
"1856",0.00805859200002406,0.00783354988786529
"1857",0.0134237531474282,0.0320551189507666
"1858",0.00644322613841112,0.0288126246035637
"1859",0.132728910829292,0.078772002195454
"1860",0.0241871866788836,0.0411195051998098
"1861",0.0130707812316911,0.0126623633541093
"1862",0.257585486285419,0.104660293714522
"1863",0.370804362107485,0.14809098751673
"1864",0.0661975598552327,0.00505766516668555
"1865",0.0241025984874453,0.0288472174149911
"1866",0.00765806964287544,0.0239466871989976
"1867",0.0428896062247029,0.0352718485363834
"1868",0.215283268085537,0.474312835286849
"1869",0.0843125732121098,0.0535297841321283
"1870",0.0068602788628507,0.00630525213862969
"1871",0.00520375374122073,0.0220213095003696
"1872",0.0148371556379707,0.0309399803629793
"1873",9.57610993280996e-05,9.54849962402898e-05
"1874",0.23042853751191,0.620779156351108
"1875",0.107954195878815,0.0478443907460463
"1876",0.0936232940021073,0.259584386145654
"1877",0.0197678420733768,0.0293323443583327
"1878",0.101713471779419,0.401168678129869
"1879",0.12203515512289,0.0931947681033791
"1880",0.16271914388892,0.233015912982475
"1881",0.0138681450350503,0.0502677405448182
"1882",0.00602960847459911,0.0306664540498132
"1883",0.121363047692273,0.040640993723469
"1884",0.024392675192297,0.0641132263119344
"1885",0.0977439053451271,0.117421106534294
"1886",0.114008789189057,0.147942379613123
"1887",0.0732298342754869,0.034234693835427
"1888",0.0575698273877781,0.186762885593514
"1889",0.0231828479141464,0.0195680077556246
"1890",0.0171590250704383,0.0178818734345074
"1891",0.12467858896602,0.289526424933377
"1892",0.00856263378358221,0.00783269247596623
"1893",0.0798226123981989,0.260324046720116
"1894",0.00103813767634364,0.00103245879013511
"1895",0.00574435981056611,0.0056486580820419
"1896",0.000293019805729235,0.000293629624681146
"1897",0.00285922721742631,0.0103384283744289
"1898",0.0330719938731823,0.0160153444859639
"1899",0.124601571709103,0.0664294686587025
"1900",0.00112177431097339,0.00589907724897126
"1901",0.0619133136473443,0.00543941940286702
"1902",0.0889664247412586,0.120707112240635
"1903",0.0394841509612907,0.0393590759031975
"1904",0.00138624886727536,0.00647680424808812
"1905",0.108844455346408,0.116472155484796
"1906",0.001385166569617,0.00139652614353507
"1907",0.0381252651832347,0.0931606723968908
"1908",0.00536274016441954,0.00521578483728099
"1909",0.138223615214163,0.216024522864131
"1910",0.186399112209473,0.324031869348967
"1911",0.0158400529518303,0.0348082970871485
"1912",0.383798934565255,0.391804594177691
"1913",0.0181057834538066,0.0538837260063328
"1914",0.20018424108651,0.387192108620163
"1915",0.000992078566487461,0.000979387203943931
"1916",0.0338451753243606,0.0849157951476633
"1917",0.000105549297026724,0.000105442117188759
"1918",0.00675093345168821,0.018621939905072
"1919",0.0132214504193645,0.0122308742350641
"1920",0.0324172304069382,0.0276564835735145
"1921",0.0874844726223151,0.0790249334084933
"1922",0.0312122171367301,0.0211092772675438
"1923",0.00410846425862808,0.00381816008724466
"1924",0.108087530860869,0.323229688159566
"1925",0.0295936035493881,0.0731525235730559
"1926",0.024363468424343,0.0560830581362613
"1927",0.0643346868606506,0.0761831606639553
"1928",0.115978074841439,0.0923358594228124
"1929",0.14826725449484,0.155722256907779
"1930",0.00305689639347759,0.00308031877298773
"1931",0.0153709421653508,0.0164687496476704
"1932",0.121374961109461,0.018864230599941
"1933",0.0509041474094381,0.0608318762944235
"1934",0.0312126838118425,0.0316163943371354
"1935",0.0317282098458909,0.0204871797279756
"1936",0.0138112863617238,0.0444456450750719
"1937",0.391853944038857,0.109220492784076
"1938",0.0152139110600762,0.0268882443267187
"1939",0.0165503294521376,0.0180735119764767
"1940",0.0446776474955348,0.00906526058436356
"1941",0.00106628338590122,0.00105742177822033
"1942",0.054062425688264,0.0361442425082346
"1943",0.0100583476057828,0.0367431513577786
"1944",0.00371605051474086,0.00354955134582737
"1945",0.154200034519937,0.0415498091018279
"1946",0.0756080105100879,0.101540706055319
"1947",0.0970880162679493,0.194450391965005
"1948",0.0466326585545598,0.00963198023432791
"1949",0.0795709831727891,0.155090034029537
"1950",0.0629845044271281,0.0344636372625216
"1951",0.00264081046511164,0.00253671507781512
"1952",0.00388414093664196,0.0164908435129891
"1953",0.0644528691859275,0.106399446982121
"1954",0.0527297923171928,0.00274820270243998
"1955",9.71216468483921e-05,9.67259248832629e-05
"1956",0.00166811259022901,0.00166049491288031
"1957",0.0350132735685123,0.0103433233311369
"1958",0.144491766435272,0.0400647182333412
"1959",0.00802620642658561,0.00050550875480818
"1960",0.395422302617313,0.152953895728546
"1961",0.039944637552885,0.171261548041835
"1962",0.016128100787988,0.0274131541439821
"1963",0.208635728994071,0.297241783940236
"1964",0.0441224414722847,0.205815152049504
"1965",0.0991119005315654,0.159231892414824
"1966",0.0295320235581851,0.0745494806886889
"1967",0.0084118556229933,0.0229798365760769
"1968",0.0366476316742274,0.122345834115051
"1969",0.00767483322679442,0.0212436601644865
"1970",0.128229155348512,0.0100916000884457
"1971",0.0536141876736319,0.0799505905302055
"1972",0.029509995363104,0.0368320713802423
"1973",0.0289687058381869,0.099098427880697
"1974",0.0761934782873972,0.110001759079473
"1975",0.168681572998003,0.0757690953908788
"1976",0.243833711550519,0.0375405085269949
"1977",0.0206877878408954,0.0153860123193276
"1978",0.105400845747731,0.0684758505562604
"1979",0.0214559368549494,0.00541021910959535
"1980",0.0231663761952676,0.0459876751461824
"1981",0.0945402930195576,0.0348470119273756
"1982",0.307529793497586,0.0360072484705889
"1983",0.104766753383765,0.083012403736021
"1984",0.00202820370898072,0.00200596590214259
"1985",0.0145292706804209,0.00110712692613153
"1986",0.00888532060006783,0.030248907089234
"1987",0.0266363856978667,0.029627221400044
"1988",0.0867520207505131,0.0820482094145306
"1989",0.00178945648668348,0.0090196627090034
"1990",0.239053906025765,0.0476732002337931
"1991",0.0657776765887535,0.0862513808584807
"1992",0.0923587036797056,0.103081884250528
"1993",0.0494254016459939,0.0247868404713113
"1994",0.25369193973883,0.0444854822000453
"1995",0.0064671069694748,0.00652583637680898
"1996",0.0231176559461463,0.00332432989179578
"1997",0.123492623598806,0.409634249408066
"1998",0.0586162387981482,0.0607032566824672
"1999",0.0623839964471858,0.0821077397324405
"2000",0.190747015558938,0.25267811695209
